7/7/11 9:30:00 AM,ORCL,27.85
7/7/11 9:30:01 AM,TSLA,32.26
7/7/11 9:30:01 AM,ORCL,27.05
7/7/11 9:30:02 AM,TSLA,31.24
7/7/11 9:30:02 AM,ORCL,27.94
7/7/11 9:30:03 AM,IBM,116.95
7/7/11 9:30:03 AM,IBM,97.46
7/7/11 9:30:04 AM,SLV,38.92
7/7/11 9:30:04 AM,IBM,109.2
7/7/11 9:30:05 AM,SLV,36.61
7/7/11 9:30:06 AM,JKBE,73.16
7/7/11 9:30:06 AM,GLD,157.39
7/7/11 9:30:07 AM,JKBE,70.0
7/7/11 9:30:07 AM,XOM,100.94
7/7/11 9:30:08 AM,TSLA,30.03
7/7/11 9:30:08 AM,GLD,180.81
7/7/11 9:30:09 AM,XOM,103.9
7/7/11 9:30:09 AM,ORCL,29.12
7/7/11 9:30:10 AM,AAPL,398.27
7/7/11 9:30:11 AM,JKBE,63.4
7/7/11 9:30:11 AM,ORCL,28.22
7/7/11 9:30:12 AM,XOM,92.47
7/7/11 9:30:12 AM,GOOG,426.24
7/7/11 9:30:13 AM,ORCL,24.9
7/7/11 9:30:13 AM,ORCL,26.5
7/7/11 9:30:14 AM,ORCL,28.52
7/7/11 9:30:14 AM,GOOG,456.37
7/7/11 9:30:15 AM,AAPL,347.02
7/7/11 9:30:15 AM,IBM,113.81
7/7/11 9:30:16 AM,INTC,24.21
7/7/11 9:30:17 AM,SLV,36.75
7/7/11 9:30:17 AM,XOM,100.43
7/7/11 9:30:18 AM,JKBE,74.45
7/7/11 9:30:18 AM,GLD,159.65
7/7/11 9:30:19 AM,SLV,42.58
7/7/11 9:30:19 AM,ORCL,29.26
7/7/11 9:30:20 AM,JKBE,73.68
7/7/11 9:30:21 AM,JKBE,70.57
7/7/11 9:30:21 AM,AAPL,350.99
7/7/11 9:30:22 AM,JKBE,68.55
7/7/11 9:30:22 AM,INTC,25.39
7/7/11 9:30:23 AM,IBM,115.1
7/7/11 9:30:23 AM,XOM,93.3
7/7/11 9:30:24 AM,INTC,22.62
7/7/11 9:30:24 AM,TSLA,32.35
7/7/11 9:30:25 AM,SLV,35.78
7/7/11 9:30:25 AM,XOM,102.0
7/7/11 9:30:26 AM,SLV,40.87
7/7/11 9:30:26 AM,SLV,39.92
7/7/11 9:30:27 AM,INTC,24.58
7/7/11 9:30:28 AM,INTC,26.35
7/7/11 9:30:28 AM,IBM,104.39
7/7/11 9:30:29 AM,JKBE,69.14
7/7/11 9:30:29 AM,ORCL,25.78
7/7/11 9:30:30 AM,GOOG,482.43
7/7/11 9:30:30 AM,ORCL,29.95
7/7/11 9:30:31 AM,INTC,26.66
7/7/11 9:30:31 AM,JKBE,74.63
7/7/11 9:30:32 AM,GOOG,443.83
7/7/11 9:30:32 AM,JKBE,67.84
7/7/11 9:30:33 AM,GLD,160.69
7/7/11 9:30:34 AM,TSLA,33.77
7/7/11 9:30:34 AM,IBM,105.78
7/7/11 9:30:35 AM,INTC,23.8
7/7/11 9:30:35 AM,IBM,115.39
7/7/11 9:30:36 AM,ORCL,26.3
7/7/11 9:30:36 AM,AAPL,398.41
7/7/11 9:30:37 AM,GOOG,480.95
7/7/11 9:30:37 AM,SLV,40.41
7/7/11 9:30:38 AM,TSLA,34.62
7/7/11 9:30:39 AM,INTC,23.73
7/7/11 9:30:39 AM,TSLA,28.65
7/7/11 9:30:40 AM,ORCL,26.24
7/7/11 9:30:40 AM,GOOG,500.14
7/7/11 9:30:41 AM,TSLA,28.5
7/7/11 9:30:41 AM,GLD,161.31
7/7/11 9:30:42 AM,SLV,42.13
7/7/11 9:30:42 AM,XOM,89.9
7/7/11 9:30:43 AM,IBM,113.01
7/7/11 9:30:43 AM,JKBE,65.03
7/7/11 9:30:44 AM,TSLA,32.6
7/7/11 9:30:45 AM,ORCL,24.59
7/7/11 9:30:45 AM,JKBE,62.78
7/7/11 9:30:46 AM,TSLA,29.81
7/7/11 9:30:46 AM,IBM,97.24
7/7/11 9:30:47 AM,IBM,109.28
7/7/11 9:30:47 AM,IBM,96.15
7/7/11 9:30:48 AM,GOOG,487.1
7/7/11 9:30:48 AM,GLD,182.73
7/7/11 9:30:49 AM,INTC,25.18
7/7/11 9:30:50 AM,XOM,91.37
7/7/11 9:30:50 AM,XOM,99.4
7/7/11 9:30:51 AM,ORCL,26.08
7/7/11 9:30:51 AM,IBM,113.57
7/7/11 9:30:52 AM,GOOG,497.2
7/7/11 9:30:52 AM,TSLA,28.84
7/7/11 9:30:53 AM,XOM,98.73
7/7/11 9:30:53 AM,TSLA,32.66
7/7/11 9:30:54 AM,SLV,41.83
7/7/11 9:30:54 AM,TSLA,30.1
7/7/11 9:30:55 AM,SLV,35.6
7/7/11 9:30:55 AM,GLD,189.53
7/7/11 9:30:56 AM,XOM,100.13
7/7/11 9:30:57 AM,ORCL,26.57
7/7/11 9:30:57 AM,XOM,91.42
7/7/11 9:30:58 AM,XOM,89.97
7/7/11 9:30:58 AM,IBM,96.56
7/7/11 9:30:59 AM,GOOG,518.21
7/7/11 9:30:59 AM,IBM,109.57
7/7/11 9:31:00 AM,TSLA,29.51
7/7/11 9:31:00 AM,SLV,36.47
7/7/11 9:31:01 AM,GOOG,491.74
7/7/11 9:31:02 AM,AAPL,371.82
7/7/11 9:31:02 AM,XOM,103.08
7/7/11 9:31:03 AM,IBM,111.17
7/7/11 9:31:03 AM,TSLA,31.57
7/7/11 9:31:04 AM,XOM,100.37
7/7/11 9:31:04 AM,GOOG,427.17
7/7/11 9:31:05 AM,GOOG,448.51
7/7/11 9:31:05 AM,JKBE,66.99
7/7/11 9:31:06 AM,JKBE,68.0
7/7/11 9:31:06 AM,TSLA,32.24
7/7/11 9:31:07 AM,GLD,171.48
7/7/11 9:31:08 AM,ORCL,25.67
7/7/11 9:31:08 AM,TSLA,28.86
7/7/11 9:31:09 AM,ORCL,29.04
7/7/11 9:31:09 AM,GLD,177.16
7/7/11 9:31:10 AM,GOOG,469.08
7/7/11 9:31:10 AM,GLD,157.84
7/7/11 9:31:11 AM,AAPL,393.04
7/7/11 9:31:11 AM,TSLA,34.55
7/7/11 9:31:12 AM,TSLA,31.87
7/7/11 9:31:13 AM,INTC,25.84
7/7/11 9:31:13 AM,AAPL,370.99
7/7/11 9:31:14 AM,INTC,26.95
7/7/11 9:31:14 AM,IBM,115.6
7/7/11 9:31:15 AM,XOM,97.42
7/7/11 9:31:15 AM,TSLA,32.38
7/7/11 9:31:16 AM,IBM,99.05
7/7/11 9:31:16 AM,JKBE,74.73
7/7/11 9:31:17 AM,ORCL,28.63
7/7/11 9:31:17 AM,INTC,27.02
7/7/11 9:31:18 AM,AAPL,351.84
7/7/11 9:31:19 AM,TSLA,32.0
7/7/11 9:31:19 AM,IBM,116.23
7/7/11 9:31:20 AM,IBM,103.24
7/7/11 9:31:20 AM,INTC,25.0
7/7/11 9:31:21 AM,AAPL,366.64
7/7/11 9:31:21 AM,IBM,108.24
7/7/11 9:31:22 AM,INTC,23.21
7/7/11 9:31:22 AM,AAPL,327.41
7/7/11 9:31:23 AM,GLD,178.91
7/7/11 9:31:23 AM,SLV,40.37
7/7/11 9:31:24 AM,ORCL,26.9
7/7/11 9:31:25 AM,ORCL,25.62
7/7/11 9:31:25 AM,JKBE,74.09
7/7/11 9:31:26 AM,SLV,40.45
7/7/11 9:31:26 AM,IBM,98.74
7/7/11 9:31:27 AM,XOM,90.38
7/7/11 9:31:27 AM,ORCL,29.78
7/7/11 9:31:28 AM,GLD,165.74
7/7/11 9:31:28 AM,JKBE,72.05
7/7/11 9:31:29 AM,GOOG,450.1
7/7/11 9:31:30 AM,GLD,184.07
7/7/11 9:31:30 AM,GLD,161.39
7/7/11 9:31:31 AM,SLV,38.15
7/7/11 9:31:31 AM,JKBE,69.29
7/7/11 9:31:32 AM,AAPL,368.29
7/7/11 9:31:32 AM,XOM,86.25
7/7/11 9:31:33 AM,AAPL,348.21
7/7/11 9:31:33 AM,XOM,104.52
7/7/11 9:31:34 AM,TSLA,29.27
7/7/11 9:31:35 AM,TSLA,29.64
7/7/11 9:31:35 AM,AAPL,379.79
7/7/11 9:31:36 AM,ORCL,26.68
7/7/11 9:31:36 AM,ORCL,29.64
7/7/11 9:31:37 AM,GLD,164.3
7/7/11 9:31:37 AM,JKBE,67.94
7/7/11 9:31:38 AM,IBM,97.22
7/7/11 9:31:38 AM,AAPL,389.29
7/7/11 9:31:39 AM,JKBE,64.02
7/7/11 9:31:39 AM,XOM,91.21
7/7/11 9:31:40 AM,GOOG,480.65
7/7/11 9:31:40 AM,JKBE,68.06
7/7/11 9:31:41 AM,XOM,102.49
7/7/11 9:31:42 AM,GLD,169.59
7/7/11 9:31:42 AM,JKBE,65.71
7/7/11 9:31:43 AM,INTC,23.67
7/7/11 9:31:43 AM,GOOG,460.44
7/7/11 9:31:44 AM,XOM,89.58
7/7/11 9:31:44 AM,XOM,92.31
7/7/11 9:31:45 AM,TSLA,28.72
7/7/11 9:31:45 AM,ORCL,25.03
7/7/11 9:31:46 AM,GLD,174.81
7/7/11 9:31:46 AM,JKBE,63.55
7/7/11 9:31:47 AM,INTC,26.56
7/7/11 9:31:48 AM,INTC,23.24
7/7/11 9:31:48 AM,IBM,116.01
7/7/11 9:31:49 AM,XOM,105.14
7/7/11 9:31:49 AM,GOOG,454.33
7/7/11 9:31:50 AM,GLD,152.34
7/7/11 9:31:50 AM,IBM,111.51
7/7/11 9:31:51 AM,GLD,159.5
7/7/11 9:31:51 AM,TSLA,29.12
7/7/11 9:31:52 AM,XOM,101.76
7/7/11 9:31:53 AM,XOM,100.48
7/7/11 9:31:53 AM,GOOG,496.74
7/7/11 9:31:54 AM,INTC,25.2
7/7/11 9:31:54 AM,AAPL,391.4
7/7/11 9:31:55 AM,SLV,36.54
7/7/11 9:31:55 AM,XOM,86.25
7/7/11 9:31:56 AM,SLV,35.49
7/7/11 9:31:56 AM,XOM,102.46
7/7/11 9:31:57 AM,SLV,35.13
7/7/11 9:31:58 AM,TSLA,32.0
7/7/11 9:31:58 AM,AAPL,359.91
7/7/11 9:31:59 AM,AAPL,359.32
7/7/11 9:31:59 AM,GLD,174.42
7/7/11 9:32:00 AM,GLD,181.14
7/7/11 9:32:00 AM,AAPL,344.95
7/7/11 9:32:01 AM,GLD,173.04
7/7/11 9:32:01 AM,INTC,24.7
7/7/11 9:32:02 AM,GOOG,428.1
7/7/11 9:32:02 AM,JKBE,74.51
7/7/11 9:32:03 AM,GOOG,429.02
7/7/11 9:32:04 AM,ORCL,26.82
7/7/11 9:32:04 AM,GOOG,485.03
7/7/11 9:32:05 AM,IBM,97.99
7/7/11 9:32:05 AM,IBM,115.23
7/7/11 9:32:06 AM,XOM,102.83
7/7/11 9:32:06 AM,XOM,97.58
7/7/11 9:32:07 AM,XOM,90.83
7/7/11 9:32:07 AM,GLD,176.78
7/7/11 9:32:08 AM,TSLA,28.92
7/7/11 9:32:09 AM,JKBE,60.11
7/7/11 9:32:09 AM,XOM,95.72
7/7/11 9:32:10 AM,TSLA,30.7
7/7/11 9:32:10 AM,GLD,173.96
7/7/11 9:32:11 AM,GOOG,442.63
7/7/11 9:32:11 AM,SLV,38.23
7/7/11 9:32:12 AM,IBM,115.92
7/7/11 9:32:12 AM,SLV,39.21
7/7/11 9:32:13 AM,TSLA,29.66
7/7/11 9:32:13 AM,XOM,101.19
7/7/11 9:32:14 AM,XOM,102.41
7/7/11 9:32:15 AM,SLV,41.11
7/7/11 9:32:15 AM,XOM,95.77
7/7/11 9:32:16 AM,JKBE,61.54
7/7/11 9:32:16 AM,ORCL,29.17
7/7/11 9:32:17 AM,TSLA,32.08
7/7/11 9:32:17 AM,INTC,23.98
7/7/11 9:32:18 AM,GOOG,462.36
7/7/11 9:32:19 AM,GOOG,464.28
7/7/11 9:32:19 AM,INTC,24.31
7/7/11 9:32:20 AM,GLD,171.72
7/7/11 9:32:20 AM,XOM,91.49
7/7/11 9:32:21 AM,TSLA,30.76
7/7/11 9:32:21 AM,AAPL,376.35
7/7/11 9:32:22 AM,XOM,99.29
7/7/11 9:32:22 AM,GLD,168.18
7/7/11 9:32:23 AM,IBM,111.15
7/7/11 9:32:23 AM,INTC,23.8
7/7/11 9:32:24 AM,GLD,160.73
7/7/11 9:32:24 AM,ORCL,29.68
7/7/11 9:32:25 AM,AAPL,387.8
7/7/11 9:32:25 AM,GOOG,523.54
7/7/11 9:32:26 AM,JKBE,60.1
7/7/11 9:32:26 AM,TSLA,29.94
7/7/11 9:32:27 AM,GLD,182.66
7/7/11 9:32:28 AM,XOM,96.5
7/7/11 9:32:28 AM,GOOG,503.7
7/7/11 9:32:29 AM,INTC,25.64
7/7/11 9:32:29 AM,SLV,41.79
7/7/11 9:32:30 AM,AAPL,369.23
7/7/11 9:32:30 AM,ORCL,26.69
7/7/11 9:32:31 AM,GLD,171.68
7/7/11 9:32:31 AM,INTC,24.92
7/7/11 9:32:32 AM,IBM,105.2
7/7/11 9:32:32 AM,INTC,23.43
7/7/11 9:32:33 AM,ORCL,29.48
7/7/11 9:32:33 AM,GOOG,515.84
7/7/11 9:32:34 AM,INTC,25.54
7/7/11 9:32:35 AM,SLV,38.52
7/7/11 9:32:35 AM,ORCL,24.91
7/7/11 9:32:36 AM,GLD,174.98
7/7/11 9:32:36 AM,GOOG,425.49
7/7/11 9:32:37 AM,AAPL,374.53
7/7/11 9:32:37 AM,SLV,40.98
7/7/11 9:32:38 AM,TSLA,28.2
7/7/11 9:32:38 AM,JKBE,71.18
7/7/11 9:32:39 AM,TSLA,34.82
7/7/11 9:32:40 AM,JKBE,74.48
7/7/11 9:32:40 AM,GOOG,443.21
7/7/11 9:32:41 AM,INTC,25.98
7/7/11 9:32:41 AM,INTC,23.36
7/7/11 9:32:42 AM,AAPL,335.35
7/7/11 9:32:42 AM,ORCL,24.89
7/7/11 9:32:43 AM,IBM,99.72
7/7/11 9:32:43 AM,XOM,93.51
7/7/11 9:32:44 AM,GLD,172.07
7/7/11 9:32:44 AM,TSLA,34.01
7/7/11 9:32:45 AM,GOOG,469.67
7/7/11 9:32:46 AM,AAPL,331.32
7/7/11 9:32:46 AM,ORCL,24.52
7/7/11 9:32:47 AM,XOM,85.57
7/7/11 9:32:47 AM,AAPL,369.35
7/7/11 9:32:48 AM,TSLA,28.31
7/7/11 9:32:48 AM,GLD,161.39
7/7/11 9:32:49 AM,TSLA,30.82
7/7/11 9:32:50 AM,XOM,102.67
7/7/11 9:32:50 AM,SLV,42.63
7/7/11 9:32:51 AM,INTC,22.99
7/7/11 9:32:51 AM,JKBE,69.66
7/7/11 9:32:52 AM,INTC,24.45
7/7/11 9:32:52 AM,SLV,42.27
7/7/11 9:32:53 AM,INTC,27.15
7/7/11 9:32:53 AM,AAPL,357.42
7/7/11 9:32:54 AM,TSLA,29.55
7/7/11 9:32:54 AM,GOOG,528.36
7/7/11 9:32:55 AM,AAPL,350.13
7/7/11 9:32:56 AM,ORCL,29.22
7/7/11 9:32:56 AM,ORCL,29.47
7/7/11 9:32:57 AM,IBM,102.37
7/7/11 9:32:57 AM,GOOG,425.01
7/7/11 9:32:58 AM,TSLA,29.74
7/7/11 9:32:58 AM,XOM,87.13
7/7/11 9:32:59 AM,JKBE,72.01
7/7/11 9:32:59 AM,JKBE,67.73
7/7/11 9:33:00 AM,AAPL,365.36
7/7/11 9:33:00 AM,INTC,24.86
7/7/11 9:33:01 AM,IBM,115.15
7/7/11 9:33:02 AM,XOM,93.5
7/7/11 9:33:02 AM,GLD,188.35
7/7/11 9:33:03 AM,INTC,25.72
7/7/11 9:33:03 AM,JKBE,68.84
7/7/11 9:33:04 AM,INTC,26.47
7/7/11 9:33:04 AM,ORCL,29.05
7/7/11 9:33:05 AM,IBM,110.61
7/7/11 9:33:05 AM,GOOG,505.36
7/7/11 9:33:06 AM,ORCL,27.77
7/7/11 9:33:07 AM,AAPL,393.8
7/7/11 9:33:07 AM,SLV,40.89
7/7/11 9:33:08 AM,INTC,26.3
7/7/11 9:33:08 AM,GOOG,518.92
7/7/11 9:33:09 AM,TSLA,31.07
7/7/11 9:33:09 AM,TSLA,31.44
7/7/11 9:33:10 AM,INTC,26.62
7/7/11 9:33:11 AM,GLD,165.89
7/7/11 9:33:11 AM,GOOG,439.89
7/7/11 9:33:12 AM,TSLA,32.31
7/7/11 9:33:12 AM,XOM,94.13
7/7/11 9:33:13 AM,INTC,27.29
7/7/11 9:33:13 AM,INTC,24.17
7/7/11 9:33:14 AM,ORCL,29.63
7/7/11 9:33:14 AM,JKBE,64.59
7/7/11 9:33:15 AM,TSLA,28.56
7/7/11 9:33:16 AM,SLV,35.7
7/7/11 9:33:16 AM,XOM,99.92
7/7/11 9:33:17 AM,ORCL,25.56
7/7/11 9:33:17 AM,GLD,182.49
7/7/11 9:33:18 AM,TSLA,29.42
7/7/11 9:33:18 AM,INTC,23.8
7/7/11 9:33:19 AM,IBM,102.25
7/7/11 9:33:19 AM,GOOG,508.07
7/7/11 9:33:20 AM,GLD,158.51
7/7/11 9:33:20 AM,ORCL,29.28
7/7/11 9:33:21 AM,GLD,188.23
7/7/11 9:33:22 AM,AAPL,375.36
7/7/11 9:33:22 AM,INTC,26.37
7/7/11 9:33:23 AM,IBM,117.19
7/7/11 9:33:23 AM,XOM,101.59
7/7/11 9:33:24 AM,JKBE,69.53
7/7/11 9:33:24 AM,IBM,104.96
7/7/11 9:33:25 AM,TSLA,34.66
7/7/11 9:33:25 AM,XOM,89.76
7/7/11 9:33:26 AM,AAPL,372.06
7/7/11 9:33:26 AM,SLV,36.22
7/7/11 9:33:27 AM,SLV,37.51
7/7/11 9:33:28 AM,IBM,101.92
7/7/11 9:33:28 AM,JKBE,60.16
7/7/11 9:33:29 AM,JKBE,70.22
7/7/11 9:33:29 AM,GLD,179.98
7/7/11 9:33:30 AM,IBM,114.85
7/7/11 9:33:30 AM,TSLA,32.31
7/7/11 9:33:31 AM,TSLA,32.55
7/7/11 9:33:31 AM,SLV,39.53
7/7/11 9:33:32 AM,INTC,25.61
7/7/11 9:33:32 AM,IBM,106.89
7/7/11 9:33:33 AM,INTC,26.26
7/7/11 9:33:33 AM,GLD,177.46
7/7/11 9:33:34 AM,INTC,26.74
7/7/11 9:33:34 AM,GOOG,499.84
7/7/11 9:33:35 AM,GLD,185.3
7/7/11 9:33:36 AM,XOM,101.15
7/7/11 9:33:36 AM,TSLA,32.5
7/7/11 9:33:37 AM,GOOG,505.52
7/7/11 9:33:37 AM,XOM,88.74
7/7/11 9:33:38 AM,GOOG,491.8
7/7/11 9:33:38 AM,GLD,171.08
7/7/11 9:33:39 AM,INTC,23.31
7/7/11 9:33:40 AM,JKBE,61.96
7/7/11 9:33:40 AM,GLD,158.18
7/7/11 9:33:41 AM,AAPL,390.72
7/7/11 9:33:41 AM,SLV,40.04
7/7/11 9:33:42 AM,AAPL,335.48
7/7/11 9:33:42 AM,AAPL,354.97
7/7/11 9:33:43 AM,IBM,102.69
7/7/11 9:33:43 AM,ORCL,27.42
7/7/11 9:33:44 AM,JKBE,66.51
7/7/11 9:33:44 AM,INTC,23.32
7/7/11 9:33:45 AM,ORCL,27.46
7/7/11 9:33:46 AM,AAPL,340.89
7/7/11 9:33:46 AM,ORCL,29.42
7/7/11 9:33:47 AM,JKBE,62.96
7/7/11 9:33:47 AM,JKBE,67.76
7/7/11 9:33:48 AM,INTC,25.32
7/7/11 9:33:48 AM,GLD,159.45
7/7/11 9:33:49 AM,INTC,24.96
7/7/11 9:33:49 AM,ORCL,26.54
7/7/11 9:33:50 AM,ORCL,27.57
7/7/11 9:33:50 AM,IBM,96.4
7/7/11 9:33:51 AM,GLD,177.9
7/7/11 9:33:52 AM,JKBE,61.79
7/7/11 9:33:52 AM,TSLA,29.9
7/7/11 9:33:53 AM,TSLA,32.25
7/7/11 9:33:53 AM,JKBE,73.51
7/7/11 9:33:54 AM,AAPL,368.18
7/7/11 9:33:54 AM,AAPL,326.1
7/7/11 9:33:55 AM,INTC,24.21
7/7/11 9:33:56 AM,INTC,26.85
7/7/11 9:33:56 AM,INTC,27.3
7/7/11 9:33:57 AM,SLV,40.37
7/7/11 9:33:57 AM,GLD,164.79
7/7/11 9:33:58 AM,XOM,89.48
7/7/11 9:33:58 AM,XOM,101.04
7/7/11 9:33:59 AM,SLV,35.65
7/7/11 9:33:59 AM,GOOG,444.53
7/7/11 9:34:00 AM,ORCL,24.94
7/7/11 9:34:01 AM,INTC,25.92
7/7/11 9:34:01 AM,GOOG,427.56
7/7/11 9:34:02 AM,JKBE,69.71
7/7/11 9:34:02 AM,INTC,22.92
7/7/11 9:34:03 AM,ORCL,26.22
7/7/11 9:34:03 AM,IBM,112.85
7/7/11 9:34:04 AM,IBM,116.24
7/7/11 9:34:04 AM,GOOG,528.16
7/7/11 9:34:05 AM,GOOG,496.37
7/7/11 9:34:06 AM,SLV,37.63
7/7/11 9:34:06 AM,INTC,24.76
7/7/11 9:34:07 AM,JKBE,60.85
7/7/11 9:34:07 AM,IBM,107.11
7/7/11 9:34:08 AM,INTC,23.29
7/7/11 9:34:08 AM,XOM,97.99
7/7/11 9:34:09 AM,SLV,40.93
7/7/11 9:34:09 AM,XOM,86.53
7/7/11 9:34:10 AM,INTC,25.07
7/7/11 9:34:10 AM,AAPL,390.66
7/7/11 9:34:11 AM,TSLA,32.45
7/7/11 9:34:12 AM,TSLA,32.12
7/7/11 9:34:12 AM,XOM,96.63
7/7/11 9:34:13 AM,IBM,113.14
7/7/11 9:34:13 AM,AAPL,371.4
7/7/11 9:34:14 AM,IBM,98.54
7/7/11 9:34:14 AM,XOM,87.43
7/7/11 9:34:15 AM,SLV,40.29
7/7/11 9:34:15 AM,TSLA,29.05
7/7/11 9:34:16 AM,TSLA,33.03
7/7/11 9:34:17 AM,GOOG,524.49
7/7/11 9:34:17 AM,AAPL,344.06
7/7/11 9:34:18 AM,TSLA,32.02
7/7/11 9:34:18 AM,SLV,39.25
7/7/11 9:34:19 AM,INTC,25.99
7/7/11 9:34:19 AM,IBM,114.5
7/7/11 9:34:20 AM,GLD,184.78
7/7/11 9:34:20 AM,TSLA,30.25
7/7/11 9:34:21 AM,GLD,187.44
7/7/11 9:34:22 AM,IBM,111.77
7/7/11 9:34:22 AM,AAPL,395.34
7/7/11 9:34:23 AM,IBM,97.08
7/7/11 9:34:23 AM,IBM,108.07
7/7/11 9:34:24 AM,AAPL,325.69
7/7/11 9:34:24 AM,GOOG,462.23
7/7/11 9:34:25 AM,GLD,171.79
7/7/11 9:34:25 AM,TSLA,32.72
7/7/11 9:34:26 AM,XOM,101.37
7/7/11 9:34:26 AM,GLD,154.06
7/7/11 9:34:27 AM,SLV,39.85
7/7/11 9:34:28 AM,INTC,27.26
7/7/11 9:34:28 AM,GLD,162.18
7/7/11 9:34:29 AM,ORCL,26.21
7/7/11 9:34:29 AM,IBM,113.92
7/7/11 9:34:30 AM,GLD,184.19
7/7/11 9:34:30 AM,INTC,26.82
7/7/11 9:34:31 AM,GLD,160.72
7/7/11 9:34:31 AM,XOM,101.43
7/7/11 9:34:32 AM,GLD,180.04
7/7/11 9:34:33 AM,TSLA,32.57
7/7/11 9:34:33 AM,INTC,23.34
7/7/11 9:34:34 AM,SLV,39.36
7/7/11 9:34:34 AM,GOOG,495.31
7/7/11 9:34:35 AM,TSLA,30.16
7/7/11 9:34:35 AM,GLD,180.44
7/7/11 9:34:36 AM,GLD,162.7
7/7/11 9:34:37 AM,GOOG,524.41
7/7/11 9:34:37 AM,AAPL,326.07
7/7/11 9:34:38 AM,GOOG,478.95
7/7/11 9:34:38 AM,INTC,26.93
7/7/11 9:34:39 AM,JKBE,74.45
7/7/11 9:34:39 AM,GLD,183.4
7/7/11 9:34:40 AM,SLV,36.47
7/7/11 9:34:40 AM,AAPL,381.22
7/7/11 9:34:41 AM,XOM,85.69
7/7/11 9:34:41 AM,SLV,40.35
7/7/11 9:34:42 AM,GOOG,528.35
7/7/11 9:34:42 AM,ORCL,28.73
7/7/11 9:34:43 AM,JKBE,71.28
7/7/11 9:34:43 AM,AAPL,369.84
7/7/11 9:34:44 AM,ORCL,25.37
7/7/11 9:34:45 AM,JKBE,69.92
7/7/11 9:34:45 AM,TSLA,28.8
7/7/11 9:34:46 AM,IBM,106.68
7/7/11 9:34:46 AM,JKBE,69.12
7/7/11 9:34:47 AM,GLD,152.95
7/7/11 9:34:47 AM,INTC,23.95
7/7/11 9:34:48 AM,XOM,102.25
7/7/11 9:34:48 AM,SLV,39.66
7/7/11 9:34:49 AM,SLV,36.02
7/7/11 9:34:49 AM,IBM,117.16
7/7/11 9:34:50 AM,GOOG,515.88
7/7/11 9:34:50 AM,XOM,100.01
7/7/11 9:34:51 AM,GOOG,486.0
7/7/11 9:34:52 AM,ORCL,24.84
7/7/11 9:34:52 AM,GOOG,475.33
7/7/11 9:34:53 AM,AAPL,355.93
7/7/11 9:34:53 AM,TSLA,34.58
7/7/11 9:34:54 AM,INTC,26.09
7/7/11 9:34:54 AM,ORCL,26.7
7/7/11 9:34:55 AM,INTC,24.93
7/7/11 9:34:55 AM,INTC,24.89
7/7/11 9:34:56 AM,JKBE,63.04
7/7/11 9:34:57 AM,AAPL,353.58
7/7/11 9:34:57 AM,INTC,23.01
7/7/11 9:34:58 AM,JKBE,73.63
7/7/11 9:34:58 AM,GLD,186.25
7/7/11 9:34:59 AM,TSLA,32.79
7/7/11 9:34:59 AM,GOOG,511.26
7/7/11 9:35:00 AM,IBM,95.5
7/7/11 9:35:00 AM,IBM,112.54
7/7/11 9:35:01 AM,GOOG,494.91
7/7/11 9:35:02 AM,TSLA,31.99
7/7/11 9:35:02 AM,GLD,185.17
7/7/11 9:35:03 AM,SLV,40.24
7/7/11 9:35:03 AM,XOM,96.01
7/7/11 9:35:04 AM,SLV,39.38
7/7/11 9:35:04 AM,INTC,25.94
7/7/11 9:35:05 AM,SLV,40.06
7/7/11 9:35:05 AM,INTC,23.66
7/7/11 9:35:06 AM,GOOG,468.99
7/7/11 9:35:06 AM,JKBE,61.48
7/7/11 9:35:07 AM,INTC,24.64
7/7/11 9:35:08 AM,INTC,24.28
7/7/11 9:35:08 AM,IBM,97.82
7/7/11 9:35:09 AM,GLD,176.82
7/7/11 9:35:09 AM,JKBE,61.55
7/7/11 9:35:10 AM,SLV,41.93
7/7/11 9:35:10 AM,TSLA,30.65
7/7/11 9:35:11 AM,ORCL,26.96
7/7/11 9:35:11 AM,AAPL,377.67
7/7/11 9:35:12 AM,INTC,27.38
7/7/11 9:35:13 AM,SLV,38.58
7/7/11 9:35:13 AM,AAPL,327.22
7/7/11 9:35:14 AM,SLV,42.94
7/7/11 9:35:14 AM,AAPL,352.78
7/7/11 9:35:15 AM,GLD,182.73
7/7/11 9:35:15 AM,JKBE,68.26
7/7/11 9:35:16 AM,ORCL,28.45
7/7/11 9:35:16 AM,INTC,26.67
7/7/11 9:35:17 AM,XOM,99.91
7/7/11 9:35:18 AM,INTC,23.55
7/7/11 9:35:18 AM,INTC,25.0
7/7/11 9:35:19 AM,GLD,187.76
7/7/11 9:35:19 AM,INTC,23.78
7/7/11 9:35:20 AM,JKBE,73.36
7/7/11 9:35:20 AM,GLD,180.14
7/7/11 9:35:21 AM,TSLA,28.36
7/7/11 9:35:21 AM,INTC,24.87
7/7/11 9:35:22 AM,ORCL,24.56
7/7/11 9:35:23 AM,AAPL,389.93
7/7/11 9:35:23 AM,TSLA,33.13
7/7/11 9:35:24 AM,SLV,36.74
7/7/11 9:35:24 AM,GOOG,528.08
7/7/11 9:35:25 AM,IBM,108.86
7/7/11 9:35:25 AM,ORCL,29.62
7/7/11 9:35:26 AM,GOOG,486.96
7/7/11 9:35:26 AM,TSLA,31.14
7/7/11 9:35:27 AM,ORCL,24.05
7/7/11 9:35:27 AM,INTC,26.81
7/7/11 9:35:28 AM,JKBE,66.38
7/7/11 9:35:29 AM,XOM,90.37
7/7/11 9:35:29 AM,JKBE,67.54
7/7/11 9:35:30 AM,GOOG,438.73
7/7/11 9:35:30 AM,IBM,100.83
7/7/11 9:35:31 AM,SLV,36.95
7/7/11 9:35:31 AM,GOOG,494.34
7/7/11 9:35:32 AM,XOM,89.09
7/7/11 9:35:33 AM,IBM,117.58
7/7/11 9:35:33 AM,TSLA,34.75
7/7/11 9:35:34 AM,IBM,106.78
7/7/11 9:35:34 AM,GOOG,445.26
7/7/11 9:35:35 AM,XOM,90.63
7/7/11 9:35:35 AM,XOM,95.35
7/7/11 9:35:36 AM,GLD,180.45
7/7/11 9:35:36 AM,ORCL,28.27
7/7/11 9:35:37 AM,GLD,171.75
7/7/11 9:35:38 AM,TSLA,30.78
7/7/11 9:35:38 AM,ORCL,29.5
7/7/11 9:35:39 AM,XOM,89.54
7/7/11 9:35:39 AM,SLV,40.08
7/7/11 9:35:40 AM,ORCL,26.51
7/7/11 9:35:40 AM,IBM,102.06
7/7/11 9:35:41 AM,INTC,23.2
7/7/11 9:35:42 AM,IBM,104.48
7/7/11 9:35:42 AM,SLV,40.31
7/7/11 9:35:43 AM,ORCL,27.25
7/7/11 9:35:43 AM,GLD,173.72
7/7/11 9:35:44 AM,XOM,89.85
7/7/11 9:35:44 AM,IBM,117.33
7/7/11 9:35:45 AM,GLD,153.37
7/7/11 9:35:45 AM,JKBE,73.36
7/7/11 9:35:46 AM,XOM,88.55
7/7/11 9:35:46 AM,ORCL,26.32
7/7/11 9:35:47 AM,AAPL,330.56
7/7/11 9:35:48 AM,IBM,116.8
7/7/11 9:35:48 AM,GOOG,521.59
7/7/11 9:35:49 AM,TSLA,30.19
7/7/11 9:35:49 AM,AAPL,359.65
7/7/11 9:35:50 AM,XOM,89.3
7/7/11 9:35:50 AM,GLD,159.53
7/7/11 9:35:51 AM,AAPL,391.47
7/7/11 9:35:51 AM,INTC,24.88
7/7/11 9:35:52 AM,AAPL,350.54
7/7/11 9:35:52 AM,IBM,112.94
7/7/11 9:35:53 AM,GLD,189.44
7/7/11 9:35:54 AM,JKBE,66.75
7/7/11 9:35:54 AM,TSLA,34.77
7/7/11 9:35:55 AM,SLV,38.33
7/7/11 9:35:55 AM,IBM,109.19
7/7/11 9:35:56 AM,XOM,91.45
7/7/11 9:35:56 AM,XOM,105.9
7/7/11 9:35:57 AM,SLV,38.25
7/7/11 9:35:57 AM,TSLA,30.56
7/7/11 9:35:58 AM,GLD,180.94
7/7/11 9:35:58 AM,INTC,25.3
7/7/11 9:35:59 AM,AAPL,351.72
7/7/11 9:36:00 AM,AAPL,363.96
7/7/11 9:36:00 AM,ORCL,24.98
7/7/11 9:36:01 AM,IBM,113.41
7/7/11 9:36:01 AM,GOOG,448.49
7/7/11 9:36:02 AM,TSLA,34.39
7/7/11 9:36:02 AM,INTC,23.3
7/7/11 9:36:03 AM,INTC,25.65
7/7/11 9:36:04 AM,JKBE,69.86
7/7/11 9:36:04 AM,GLD,165.38
7/7/11 9:36:05 AM,INTC,24.02
7/7/11 9:36:05 AM,GOOG,503.97
7/7/11 9:36:06 AM,AAPL,367.49
7/7/11 9:36:06 AM,GLD,166.69
7/7/11 9:36:07 AM,TSLA,34.94
7/7/11 9:36:07 AM,ORCL,25.98
7/7/11 9:36:08 AM,TSLA,28.34
7/7/11 9:36:09 AM,GLD,186.65
7/7/11 9:36:09 AM,AAPL,331.29
7/7/11 9:36:10 AM,ORCL,28.8
7/7/11 9:36:10 AM,XOM,90.74
7/7/11 9:36:11 AM,XOM,86.98
7/7/11 9:36:11 AM,TSLA,29.19
7/7/11 9:36:12 AM,TSLA,33.94
7/7/11 9:36:12 AM,INTC,27.27
7/7/11 9:36:13 AM,INTC,25.96
7/7/11 9:36:14 AM,TSLA,33.22
7/7/11 9:36:14 AM,AAPL,363.53
7/7/11 9:36:15 AM,GLD,176.92
7/7/11 9:36:15 AM,GOOG,472.19
7/7/11 9:36:16 AM,SLV,40.25
7/7/11 9:36:16 AM,AAPL,367.53
7/7/11 9:36:17 AM,GOOG,436.71
7/7/11 9:36:17 AM,GOOG,441.2
7/7/11 9:36:18 AM,INTC,26.84
7/7/11 9:36:19 AM,IBM,116.04
7/7/11 9:36:19 AM,SLV,38.75
7/7/11 9:36:20 AM,TSLA,32.47
7/7/11 9:36:20 AM,ORCL,27.73
7/7/11 9:36:21 AM,GOOG,449.45
7/7/11 9:36:21 AM,GOOG,465.23
7/7/11 9:36:22 AM,JKBE,64.22
7/7/11 9:36:22 AM,XOM,104.87
7/7/11 9:36:23 AM,GOOG,489.65
7/7/11 9:36:23 AM,XOM,88.34
7/7/11 9:36:24 AM,IBM,99.9
7/7/11 9:36:24 AM,INTC,26.16
7/7/11 9:36:25 AM,XOM,102.09
7/7/11 9:36:26 AM,XOM,91.42
7/7/11 9:36:26 AM,IBM,98.42
7/7/11 9:36:27 AM,SLV,38.38
7/7/11 9:36:27 AM,AAPL,395.69
7/7/11 9:36:28 AM,GOOG,496.38
7/7/11 9:36:28 AM,GOOG,493.44
7/7/11 9:36:29 AM,GOOG,479.33
7/7/11 9:36:29 AM,AAPL,357.01
7/7/11 9:36:30 AM,JKBE,63.88
7/7/11 9:36:31 AM,SLV,35.16
7/7/11 9:36:31 AM,IBM,112.86
7/7/11 9:36:32 AM,JKBE,68.26
7/7/11 9:36:32 AM,XOM,101.62
7/7/11 9:36:33 AM,TSLA,28.13
7/7/11 9:36:33 AM,IBM,112.3
7/7/11 9:36:34 AM,GOOG,525.09
7/7/11 9:36:34 AM,XOM,105.24
7/7/11 9:36:35 AM,JKBE,73.66
7/7/11 9:36:35 AM,TSLA,32.05
7/7/11 9:36:36 AM,TSLA,31.22
7/7/11 9:36:36 AM,ORCL,26.27
7/7/11 9:36:37 AM,AAPL,380.53
7/7/11 9:36:37 AM,ORCL,28.48
7/7/11 9:36:38 AM,XOM,86.81
7/7/11 9:36:39 AM,AAPL,380.63
7/7/11 9:36:39 AM,INTC,23.31
7/7/11 9:36:40 AM,IBM,99.12
7/7/11 9:36:40 AM,XOM,94.72
7/7/11 9:36:41 AM,SLV,39.85
7/7/11 9:36:41 AM,GOOG,465.57
7/7/11 9:36:42 AM,ORCL,27.53
7/7/11 9:36:42 AM,SLV,39.49
7/7/11 9:36:43 AM,GOOG,439.17
7/7/11 9:36:44 AM,ORCL,29.9
7/7/11 9:36:44 AM,SLV,36.06
7/7/11 9:36:45 AM,SLV,38.8
7/7/11 9:36:45 AM,GOOG,446.24
7/7/11 9:36:46 AM,AAPL,384.03
7/7/11 9:36:46 AM,TSLA,34.34
7/7/11 9:36:47 AM,GOOG,491.74
7/7/11 9:36:47 AM,INTC,23.95
7/7/11 9:36:48 AM,XOM,88.6
7/7/11 9:36:48 AM,JKBE,67.12
7/7/11 9:36:49 AM,INTC,23.76
7/7/11 9:36:49 AM,XOM,87.19
7/7/11 9:36:50 AM,JKBE,65.89
7/7/11 9:36:51 AM,GOOG,431.82
7/7/11 9:36:51 AM,AAPL,399.91
7/7/11 9:36:52 AM,GLD,154.52
7/7/11 9:36:52 AM,TSLA,30.95
7/7/11 9:36:53 AM,ORCL,26.62
7/7/11 9:36:53 AM,INTC,26.68
7/7/11 9:36:54 AM,TSLA,31.74
7/7/11 9:36:54 AM,TSLA,28.86
7/7/11 9:36:55 AM,AAPL,402.11
7/7/11 9:36:56 AM,JKBE,74.64
7/7/11 9:36:56 AM,SLV,36.33
7/7/11 9:36:57 AM,TSLA,30.87
7/7/11 9:36:57 AM,SLV,41.59
7/7/11 9:36:58 AM,GOOG,507.29
7/7/11 9:36:58 AM,SLV,37.51
7/7/11 9:36:59 AM,GLD,179.82
7/7/11 9:36:59 AM,INTC,25.35
7/7/11 9:37:00 AM,IBM,100.09
7/7/11 9:37:00 AM,AAPL,337.26
7/7/11 9:37:01 AM,AAPL,326.28
7/7/11 9:37:02 AM,TSLA,28.76
7/7/11 9:37:02 AM,AAPL,343.26
7/7/11 9:37:03 AM,IBM,102.2
7/7/11 9:37:03 AM,TSLA,32.42
7/7/11 9:37:04 AM,GLD,168.78
7/7/11 9:37:04 AM,XOM,102.14
7/7/11 9:37:05 AM,INTC,26.46
7/7/11 9:37:05 AM,INTC,25.92
7/7/11 9:37:06 AM,JKBE,74.25
7/7/11 9:37:06 AM,GOOG,515.64
7/7/11 9:37:07 AM,TSLA,30.18
7/7/11 9:37:08 AM,JKBE,63.48
7/7/11 9:37:08 AM,IBM,95.24
7/7/11 9:37:09 AM,TSLA,29.23
7/7/11 9:37:09 AM,AAPL,386.42
7/7/11 9:37:10 AM,ORCL,28.86
7/7/11 9:37:10 AM,TSLA,28.13
7/7/11 9:37:11 AM,GOOG,444.57
7/7/11 9:37:12 AM,JKBE,74.72
7/7/11 9:37:12 AM,TSLA,30.22
7/7/11 9:37:13 AM,IBM,99.23
7/7/11 9:37:13 AM,IBM,113.33
7/7/11 9:37:14 AM,TSLA,34.82
7/7/11 9:37:14 AM,TSLA,34.46
7/7/11 9:37:15 AM,GOOG,465.29
7/7/11 9:37:15 AM,SLV,40.6
7/7/11 9:37:16 AM,ORCL,25.39
7/7/11 9:37:16 AM,SLV,38.75
7/7/11 9:37:17 AM,XOM,104.81
7/7/11 9:37:18 AM,SLV,39.87
7/7/11 9:37:18 AM,SLV,41.05
7/7/11 9:37:19 AM,XOM,92.88
7/7/11 9:37:19 AM,AAPL,354.61
7/7/11 9:37:20 AM,IBM,106.78
7/7/11 9:37:20 AM,AAPL,378.99
7/7/11 9:37:21 AM,GOOG,489.66
7/7/11 9:37:21 AM,GLD,172.4
7/7/11 9:37:22 AM,GLD,162.36
7/7/11 9:37:22 AM,GOOG,495.07
7/7/11 9:37:23 AM,IBM,111.71
7/7/11 9:37:24 AM,SLV,40.36
7/7/11 9:37:24 AM,IBM,106.97
7/7/11 9:37:25 AM,INTC,26.13
7/7/11 9:37:25 AM,AAPL,342.82
7/7/11 9:37:26 AM,TSLA,28.6
7/7/11 9:37:26 AM,XOM,101.22
7/7/11 9:37:27 AM,GOOG,530.91
7/7/11 9:37:28 AM,AAPL,370.27
7/7/11 9:37:28 AM,IBM,112.15
7/7/11 9:37:29 AM,GOOG,474.87
7/7/11 9:37:29 AM,ORCL,26.96
7/7/11 9:37:30 AM,INTC,27.34
7/7/11 9:37:30 AM,GOOG,482.91
7/7/11 9:37:31 AM,AAPL,375.81
7/7/11 9:37:31 AM,SLV,39.54
7/7/11 9:37:32 AM,JKBE,64.17
7/7/11 9:37:33 AM,INTC,24.28
7/7/11 9:37:33 AM,TSLA,32.22
7/7/11 9:37:34 AM,GOOG,508.94
7/7/11 9:37:34 AM,AAPL,377.89
7/7/11 9:37:35 AM,ORCL,29.87
7/7/11 9:37:35 AM,ORCL,29.47
7/7/11 9:37:36 AM,JKBE,67.79
7/7/11 9:37:36 AM,ORCL,26.75
7/7/11 9:37:37 AM,GOOG,460.32
7/7/11 9:37:37 AM,SLV,41.28
7/7/11 9:37:38 AM,SLV,42.4
7/7/11 9:37:39 AM,JKBE,66.46
7/7/11 9:37:39 AM,IBM,97.6
7/7/11 9:37:40 AM,INTC,26.95
7/7/11 9:37:40 AM,IBM,98.79
7/7/11 9:37:41 AM,IBM,112.03
7/7/11 9:37:41 AM,INTC,26.24
7/7/11 9:37:42 AM,GLD,157.92
7/7/11 9:37:42 AM,IBM,111.95
7/7/11 9:37:43 AM,SLV,37.93
7/7/11 9:37:43 AM,GLD,161.83
7/7/11 9:37:44 AM,GOOG,427.92
7/7/11 9:37:45 AM,SLV,42.34
7/7/11 9:37:45 AM,GLD,171.96
7/7/11 9:37:46 AM,JKBE,63.91
7/7/11 9:37:46 AM,GOOG,445.55
7/7/11 9:37:47 AM,AAPL,336.79
7/7/11 9:37:47 AM,TSLA,29.52
7/7/11 9:37:48 AM,AAPL,389.4
7/7/11 9:37:48 AM,IBM,110.55
7/7/11 9:37:49 AM,AAPL,383.31
7/7/11 9:37:49 AM,SLV,35.62
7/7/11 9:37:50 AM,JKBE,60.89
7/7/11 9:37:51 AM,ORCL,25.59
7/7/11 9:37:51 AM,GOOG,447.95
7/7/11 9:37:52 AM,GLD,168.5
7/7/11 9:37:52 AM,ORCL,27.51
7/7/11 9:37:53 AM,JKBE,74.34
7/7/11 9:37:53 AM,JKBE,72.6
7/7/11 9:37:54 AM,GOOG,503.81
7/7/11 9:37:54 AM,GLD,181.1
7/7/11 9:37:55 AM,XOM,85.45
7/7/11 9:37:56 AM,XOM,95.72
7/7/11 9:37:56 AM,INTC,23.53
7/7/11 9:37:57 AM,JKBE,63.63
7/7/11 9:37:57 AM,JKBE,70.81
7/7/11 9:37:58 AM,SLV,41.38
7/7/11 9:37:58 AM,JKBE,71.53
7/7/11 9:37:59 AM,SLV,36.18
7/7/11 9:37:59 AM,GLD,189.34
7/7/11 9:38:00 AM,GLD,157.18
7/7/11 9:38:00 AM,TSLA,30.96
7/7/11 9:38:01 AM,GOOG,506.13
7/7/11 9:38:01 AM,TSLA,34.48
7/7/11 9:38:02 AM,TSLA,28.2
7/7/11 9:38:03 AM,AAPL,356.42
7/7/11 9:38:03 AM,GOOG,527.3
7/7/11 9:38:04 AM,TSLA,30.61
7/7/11 9:38:04 AM,AAPL,348.92
7/7/11 9:38:05 AM,SLV,36.79
7/7/11 9:38:05 AM,ORCL,28.57
7/7/11 9:38:06 AM,IBM,112.27
7/7/11 9:38:06 AM,GLD,184.08
7/7/11 9:38:07 AM,JKBE,64.45
7/7/11 9:38:08 AM,AAPL,359.66
7/7/11 9:38:08 AM,AAPL,378.58
7/7/11 9:38:09 AM,TSLA,29.19
7/7/11 9:38:09 AM,AAPL,366.46
7/7/11 9:38:10 AM,JKBE,66.18
7/7/11 9:38:10 AM,TSLA,30.19
7/7/11 9:38:11 AM,IBM,103.63
7/7/11 9:38:12 AM,ORCL,26.73
7/7/11 9:38:12 AM,GOOG,509.3
7/7/11 9:38:13 AM,GOOG,512.29
7/7/11 9:38:13 AM,GLD,179.98
7/7/11 9:38:14 AM,SLV,37.88
7/7/11 9:38:14 AM,AAPL,353.97
7/7/11 9:38:15 AM,ORCL,24.79
7/7/11 9:38:15 AM,JKBE,74.24
7/7/11 9:38:16 AM,JKBE,63.98
7/7/11 9:38:17 AM,INTC,24.75
7/7/11 9:38:17 AM,JKBE,64.78
7/7/11 9:38:18 AM,JKBE,70.34
7/7/11 9:38:18 AM,SLV,38.81
7/7/11 9:38:19 AM,JKBE,67.17
7/7/11 9:38:19 AM,TSLA,31.15
7/7/11 9:38:20 AM,INTC,22.58
7/7/11 9:38:20 AM,INTC,22.62
7/7/11 9:38:21 AM,INTC,27.1
7/7/11 9:38:21 AM,JKBE,63.22
7/7/11 9:38:22 AM,INTC,25.17
7/7/11 9:38:23 AM,SLV,41.85
7/7/11 9:38:23 AM,INTC,22.57
7/7/11 9:38:24 AM,TSLA,28.47
7/7/11 9:38:24 AM,XOM,99.31
7/7/11 9:38:25 AM,IBM,107.59
7/7/11 9:38:25 AM,SLV,38.62
7/7/11 9:38:26 AM,ORCL,28.07
7/7/11 9:38:26 AM,IBM,100.89
7/7/11 9:38:27 AM,GLD,188.4
7/7/11 9:38:27 AM,SLV,41.95
7/7/11 9:38:28 AM,SLV,41.19
7/7/11 9:38:29 AM,ORCL,26.52
7/7/11 9:38:29 AM,AAPL,362.75
7/7/11 9:38:30 AM,JKBE,64.4
7/7/11 9:38:30 AM,JKBE,64.23
7/7/11 9:38:31 AM,JKBE,64.35
7/7/11 9:38:31 AM,JKBE,66.27
7/7/11 9:38:32 AM,JKBE,68.69
7/7/11 9:38:32 AM,SLV,36.87
7/7/11 9:38:33 AM,TSLA,34.08
7/7/11 9:38:34 AM,GOOG,450.89
7/7/11 9:38:34 AM,GLD,181.74
7/7/11 9:38:35 AM,GLD,183.13
7/7/11 9:38:35 AM,XOM,95.3
7/7/11 9:38:36 AM,GOOG,448.16
7/7/11 9:38:36 AM,TSLA,33.08
7/7/11 9:38:37 AM,JKBE,70.36
7/7/11 9:38:37 AM,AAPL,381.87
7/7/11 9:38:38 AM,GLD,183.51
7/7/11 9:38:39 AM,IBM,115.8
7/7/11 9:38:39 AM,TSLA,29.21
7/7/11 9:38:40 AM,JKBE,63.01
7/7/11 9:38:40 AM,SLV,42.25
7/7/11 9:38:41 AM,GLD,180.93
7/7/11 9:38:41 AM,JKBE,61.88
7/7/11 9:38:42 AM,JKBE,68.24
7/7/11 9:38:42 AM,ORCL,29.71
7/7/11 9:38:43 AM,XOM,94.09
7/7/11 9:38:43 AM,ORCL,25.55
7/7/11 9:38:44 AM,GLD,154.02
7/7/11 9:38:44 AM,JKBE,72.81
7/7/11 9:38:45 AM,TSLA,31.51
7/7/11 9:38:46 AM,XOM,102.45
7/7/11 9:38:46 AM,SLV,40.72
7/7/11 9:38:47 AM,AAPL,331.6
7/7/11 9:38:47 AM,GLD,189.82
7/7/11 9:38:48 AM,XOM,95.68
7/7/11 9:38:48 AM,AAPL,389.46
7/7/11 9:38:49 AM,ORCL,29.8
7/7/11 9:38:49 AM,TSLA,29.67
7/7/11 9:38:50 AM,ORCL,28.58
7/7/11 9:38:51 AM,XOM,92.39
7/7/11 9:38:51 AM,IBM,100.1
7/7/11 9:38:52 AM,IBM,115.9
7/7/11 9:38:52 AM,XOM,96.62
7/7/11 9:38:53 AM,SLV,42.04
7/7/11 9:38:53 AM,SLV,39.06
7/7/11 9:38:54 AM,XOM,90.17
7/7/11 9:38:54 AM,XOM,105.83
7/7/11 9:38:55 AM,XOM,93.72
7/7/11 9:38:55 AM,AAPL,354.66
7/7/11 9:38:56 AM,SLV,38.5
7/7/11 9:38:57 AM,TSLA,30.75
7/7/11 9:38:57 AM,GOOG,482.66
7/7/11 9:38:58 AM,GLD,177.95
7/7/11 9:38:58 AM,ORCL,25.56
7/7/11 9:38:59 AM,TSLA,34.76
7/7/11 9:38:59 AM,GLD,165.8
7/7/11 9:39:00 AM,INTC,26.28
7/7/11 9:39:00 AM,ORCL,28.1
7/7/11 9:39:01 AM,GLD,185.22
7/7/11 9:39:02 AM,XOM,95.05
7/7/11 9:39:02 AM,SLV,42.08
7/7/11 9:39:03 AM,INTC,24.39
7/7/11 9:39:03 AM,INTC,25.68
7/7/11 9:39:04 AM,AAPL,342.19
7/7/11 9:39:04 AM,INTC,24.14
7/7/11 9:39:05 AM,JKBE,67.13
7/7/11 9:39:05 AM,INTC,23.13
7/7/11 9:39:06 AM,GLD,176.16
7/7/11 9:39:06 AM,TSLA,31.52
7/7/11 9:39:07 AM,IBM,105.08
7/7/11 9:39:08 AM,XOM,90.19
7/7/11 9:39:08 AM,ORCL,24.72
7/7/11 9:39:09 AM,JKBE,63.3
7/7/11 9:39:09 AM,IBM,103.8
7/7/11 9:39:10 AM,GLD,159.98
7/7/11 9:39:10 AM,GOOG,504.56
7/7/11 9:39:11 AM,GLD,189.02
7/7/11 9:39:11 AM,SLV,36.81
7/7/11 9:39:12 AM,IBM,111.13
7/7/11 9:39:13 AM,GLD,168.72
7/7/11 9:39:13 AM,GOOG,473.22
7/7/11 9:39:14 AM,INTC,22.65
7/7/11 9:39:14 AM,SLV,41.31
7/7/11 9:39:15 AM,TSLA,31.57
7/7/11 9:39:15 AM,IBM,96.88
7/7/11 9:39:16 AM,INTC,25.85
7/7/11 9:39:16 AM,SLV,38.83
7/7/11 9:39:17 AM,TSLA,32.86
7/7/11 9:39:18 AM,JKBE,66.27
7/7/11 9:39:18 AM,SLV,36.05
7/7/11 9:39:19 AM,JKBE,63.47
7/7/11 9:39:19 AM,IBM,115.38
7/7/11 9:39:20 AM,JKBE,71.66
7/7/11 9:39:20 AM,GOOG,528.38
7/7/11 9:39:21 AM,SLV,40.73
7/7/11 9:39:22 AM,GOOG,520.92
7/7/11 9:39:22 AM,TSLA,29.42
7/7/11 9:39:23 AM,INTC,22.53
7/7/11 9:39:23 AM,AAPL,342.25
7/7/11 9:39:24 AM,SLV,38.41
7/7/11 9:39:24 AM,INTC,23.52
7/7/11 9:39:25 AM,INTC,25.06
7/7/11 9:39:25 AM,GOOG,483.79
7/7/11 9:39:26 AM,ORCL,25.48
7/7/11 9:39:27 AM,INTC,26.19
7/7/11 9:39:27 AM,GLD,163.61
7/7/11 9:39:28 AM,JKBE,65.0
7/7/11 9:39:28 AM,SLV,37.11
7/7/11 9:39:29 AM,XOM,88.13
7/7/11 9:39:29 AM,GOOG,440.71
7/7/11 9:39:30 AM,ORCL,26.78
7/7/11 9:39:30 AM,INTC,25.84
7/7/11 9:39:31 AM,INTC,25.16
7/7/11 9:39:31 AM,INTC,25.97
7/7/11 9:39:32 AM,XOM,104.34
7/7/11 9:39:33 AM,ORCL,26.71
7/7/11 9:39:33 AM,INTC,23.02
7/7/11 9:39:34 AM,TSLA,30.35
7/7/11 9:39:34 AM,IBM,101.88
7/7/11 9:39:35 AM,GOOG,459.11
7/7/11 9:39:35 AM,SLV,42.07
7/7/11 9:39:36 AM,INTC,27.3
7/7/11 9:39:36 AM,XOM,97.1
7/7/11 9:39:37 AM,GLD,157.67
7/7/11 9:39:37 AM,INTC,23.48
7/7/11 9:39:38 AM,JKBE,72.26
7/7/11 9:39:39 AM,TSLA,28.15
7/7/11 9:39:39 AM,SLV,38.55
7/7/11 9:39:40 AM,XOM,97.74
7/7/11 9:39:40 AM,INTC,23.54
7/7/11 9:39:41 AM,JKBE,74.89
7/7/11 9:39:41 AM,ORCL,24.59
7/7/11 9:39:42 AM,JKBE,74.95
7/7/11 9:39:43 AM,TSLA,32.14
7/7/11 9:39:43 AM,IBM,102.78
7/7/11 9:39:44 AM,JKBE,65.34
7/7/11 9:39:44 AM,IBM,116.46
7/7/11 9:39:45 AM,XOM,89.04
7/7/11 9:39:45 AM,TSLA,32.09
7/7/11 9:39:46 AM,IBM,101.61
7/7/11 9:39:46 AM,SLV,38.03
7/7/11 9:39:47 AM,AAPL,368.31
7/7/11 9:39:48 AM,TSLA,29.77
7/7/11 9:39:48 AM,INTC,23.73
7/7/11 9:39:49 AM,XOM,91.67
7/7/11 9:39:49 AM,GLD,180.16
7/7/11 9:39:50 AM,SLV,36.8
7/7/11 9:39:50 AM,SLV,41.83
7/7/11 9:39:51 AM,JKBE,68.98
7/7/11 9:39:51 AM,GOOG,507.19
7/7/11 9:39:52 AM,ORCL,24.84
7/7/11 9:39:53 AM,ORCL,26.35
7/7/11 9:39:53 AM,IBM,99.22
7/7/11 9:39:54 AM,AAPL,361.68
7/7/11 9:39:54 AM,GOOG,483.28
7/7/11 9:39:55 AM,JKBE,70.01
7/7/11 9:39:55 AM,AAPL,386.16
7/7/11 9:39:56 AM,INTC,24.13
7/7/11 9:39:57 AM,INTC,26.77
7/7/11 9:39:57 AM,GLD,170.41
7/7/11 9:39:58 AM,INTC,26.27
7/7/11 9:39:58 AM,TSLA,32.47
7/7/11 9:39:59 AM,GOOG,530.75
7/7/11 9:39:59 AM,ORCL,27.89
7/7/11 9:40:00 AM,JKBE,70.62
7/7/11 9:40:00 AM,IBM,96.58
7/7/11 9:40:01 AM,GOOG,449.03
7/7/11 9:40:01 AM,SLV,39.94
7/7/11 9:40:02 AM,GOOG,513.94
7/7/11 9:40:03 AM,AAPL,348.06
7/7/11 9:40:03 AM,SLV,39.32
7/7/11 9:40:04 AM,TSLA,29.41
7/7/11 9:40:04 AM,SLV,40.07
7/7/11 9:40:05 AM,SLV,39.06
7/7/11 9:40:05 AM,INTC,25.2
7/7/11 9:40:06 AM,AAPL,342.5
7/7/11 9:40:06 AM,TSLA,32.87
7/7/11 9:40:07 AM,AAPL,329.93
7/7/11 9:40:07 AM,AAPL,398.24
7/7/11 9:40:08 AM,JKBE,74.89
7/7/11 9:40:09 AM,INTC,27.09
7/7/11 9:40:09 AM,GOOG,463.24
7/7/11 9:40:10 AM,TSLA,32.9
7/7/11 9:40:10 AM,GLD,176.33
7/7/11 9:40:11 AM,JKBE,67.86
7/7/11 9:40:11 AM,TSLA,29.59
7/7/11 9:40:12 AM,SLV,35.17
7/7/11 9:40:13 AM,SLV,42.47
7/7/11 9:40:13 AM,ORCL,24.62
7/7/11 9:40:14 AM,INTC,27.38
7/7/11 9:40:14 AM,INTC,23.36
7/7/11 9:40:15 AM,ORCL,24.18
7/7/11 9:40:15 AM,INTC,24.12
7/7/11 9:40:16 AM,XOM,104.61
7/7/11 9:40:16 AM,AAPL,377.4
7/7/11 9:40:17 AM,JKBE,62.97
7/7/11 9:40:17 AM,TSLA,34.16
7/7/11 9:40:18 AM,GLD,184.09
7/7/11 9:40:18 AM,GOOG,521.9
7/7/11 9:40:19 AM,TSLA,33.37
7/7/11 9:40:20 AM,GOOG,454.64
7/7/11 9:40:20 AM,AAPL,344.23
7/7/11 9:40:21 AM,GOOG,450.1
7/7/11 9:40:21 AM,ORCL,25.67
7/7/11 9:40:22 AM,ORCL,24.41
7/7/11 9:40:22 AM,ORCL,27.28
7/7/11 9:40:23 AM,ORCL,24.34
7/7/11 9:40:23 AM,JKBE,72.64
7/7/11 9:40:24 AM,TSLA,33.9
7/7/11 9:40:25 AM,XOM,97.04
7/7/11 9:40:25 AM,JKBE,60.38
7/7/11 9:40:26 AM,JKBE,66.34
7/7/11 9:40:26 AM,ORCL,26.46
7/7/11 9:40:27 AM,JKBE,72.2
7/7/11 9:40:27 AM,XOM,86.55
7/7/11 9:40:28 AM,XOM,86.13
7/7/11 9:40:29 AM,JKBE,65.94
7/7/11 9:40:29 AM,INTC,26.19
7/7/11 9:40:30 AM,GLD,155.0
7/7/11 9:40:30 AM,IBM,115.26
7/7/11 9:40:31 AM,XOM,88.97
7/7/11 9:40:31 AM,INTC,24.85
7/7/11 9:40:32 AM,IBM,103.59
7/7/11 9:40:32 AM,JKBE,74.29
7/7/11 9:40:33 AM,ORCL,28.9
7/7/11 9:40:33 AM,GLD,178.13
7/7/11 9:40:34 AM,AAPL,376.36
7/7/11 9:40:34 AM,GOOG,455.99
7/7/11 9:40:35 AM,ORCL,27.96
7/7/11 9:40:35 AM,GOOG,459.31
7/7/11 9:40:36 AM,GOOG,478.92
7/7/11 9:40:37 AM,AAPL,384.39
7/7/11 9:40:37 AM,TSLA,32.4
7/7/11 9:40:38 AM,ORCL,24.13
7/7/11 9:40:38 AM,XOM,92.14
7/7/11 9:40:39 AM,GLD,185.16
7/7/11 9:40:39 AM,SLV,40.5
7/7/11 9:40:40 AM,GOOG,513.92
7/7/11 9:40:40 AM,INTC,22.67
7/7/11 9:40:41 AM,XOM,95.24
7/7/11 9:40:41 AM,IBM,108.83
7/7/11 9:40:42 AM,XOM,91.89
7/7/11 9:40:43 AM,TSLA,30.71
7/7/11 9:40:43 AM,IBM,117.46
7/7/11 9:40:44 AM,TSLA,34.55
7/7/11 9:40:44 AM,GOOG,526.19
7/7/11 9:40:45 AM,ORCL,27.66
7/7/11 9:40:45 AM,ORCL,28.4
7/7/11 9:40:46 AM,XOM,94.64
7/7/11 9:40:46 AM,INTC,25.23
7/7/11 9:40:47 AM,GOOG,493.17
7/7/11 9:40:48 AM,ORCL,28.64
7/7/11 9:40:48 AM,TSLA,28.27
7/7/11 9:40:49 AM,SLV,38.24
7/7/11 9:40:49 AM,AAPL,385.67
7/7/11 9:40:50 AM,ORCL,26.26
7/7/11 9:40:50 AM,GLD,189.77
7/7/11 9:40:51 AM,AAPL,374.96
7/7/11 9:40:51 AM,TSLA,34.22
7/7/11 9:40:52 AM,TSLA,28.8
7/7/11 9:40:53 AM,GOOG,514.83
7/7/11 9:40:53 AM,GOOG,441.47
7/7/11 9:40:54 AM,INTC,25.23
7/7/11 9:40:54 AM,IBM,109.23
7/7/11 9:40:55 AM,AAPL,340.83
7/7/11 9:40:55 AM,INTC,22.57
7/7/11 9:40:56 AM,SLV,36.65
7/7/11 9:40:56 AM,INTC,26.58
7/7/11 9:40:57 AM,IBM,112.73
7/7/11 9:40:57 AM,AAPL,343.51
7/7/11 9:40:58 AM,GLD,161.06
7/7/11 9:40:59 AM,AAPL,384.43
7/7/11 9:40:59 AM,GOOG,488.47
7/7/11 9:41:00 AM,AAPL,340.21
7/7/11 9:41:00 AM,TSLA,33.54
7/7/11 9:41:01 AM,TSLA,31.64
7/7/11 9:41:01 AM,IBM,109.83
7/7/11 9:41:02 AM,JKBE,66.2
7/7/11 9:41:02 AM,TSLA,30.08
7/7/11 9:41:03 AM,GOOG,505.73
7/7/11 9:41:03 AM,ORCL,26.08
7/7/11 9:41:04 AM,JKBE,69.43
7/7/11 9:41:04 AM,AAPL,356.29
7/7/11 9:41:05 AM,TSLA,33.73
7/7/11 9:41:06 AM,GLD,154.56
7/7/11 9:41:06 AM,GLD,167.92
7/7/11 9:41:07 AM,ORCL,28.94
7/7/11 9:41:07 AM,XOM,103.98
7/7/11 9:41:08 AM,GOOG,483.58
7/7/11 9:41:08 AM,SLV,42.49
7/7/11 9:41:09 AM,GOOG,519.19
7/7/11 9:41:09 AM,IBM,101.35
7/7/11 9:41:10 AM,INTC,25.58
7/7/11 9:41:10 AM,IBM,112.89
7/7/11 9:41:11 AM,ORCL,27.72
7/7/11 9:41:12 AM,TSLA,28.58
7/7/11 9:41:12 AM,IBM,97.57
7/7/11 9:41:13 AM,JKBE,60.5
7/7/11 9:41:13 AM,JKBE,67.78
7/7/11 9:41:14 AM,ORCL,24.89
7/7/11 9:41:14 AM,INTC,26.53
7/7/11 9:41:15 AM,AAPL,397.88
7/7/11 9:41:15 AM,TSLA,28.7
7/7/11 9:41:16 AM,XOM,104.12
7/7/11 9:41:16 AM,IBM,117.25
7/7/11 9:41:17 AM,AAPL,331.92
7/7/11 9:41:18 AM,ORCL,29.12
7/7/11 9:41:18 AM,AAPL,388.81
7/7/11 9:41:19 AM,GOOG,527.7
7/7/11 9:41:19 AM,TSLA,32.4
7/7/11 9:41:20 AM,TSLA,31.16
7/7/11 9:41:20 AM,AAPL,355.01
7/7/11 9:41:21 AM,ORCL,25.83
7/7/11 9:41:21 AM,GLD,170.32
7/7/11 9:41:22 AM,INTC,23.78
7/7/11 9:41:22 AM,SLV,38.84
7/7/11 9:41:23 AM,INTC,22.89
7/7/11 9:41:23 AM,ORCL,29.78
7/7/11 9:41:24 AM,JKBE,60.9
7/7/11 9:41:25 AM,AAPL,352.09
7/7/11 9:41:25 AM,TSLA,28.93
7/7/11 9:41:26 AM,GLD,152.49
7/7/11 9:41:26 AM,AAPL,343.62
7/7/11 9:41:27 AM,TSLA,30.93
7/7/11 9:41:27 AM,XOM,88.08
7/7/11 9:41:28 AM,SLV,40.18
7/7/11 9:41:28 AM,ORCL,26.65
7/7/11 9:41:29 AM,AAPL,344.71
7/7/11 9:41:30 AM,IBM,116.69
7/7/11 9:41:30 AM,TSLA,31.33
7/7/11 9:41:31 AM,GOOG,452.86
7/7/11 9:41:31 AM,IBM,97.7
7/7/11 9:41:32 AM,AAPL,337.4
7/7/11 9:41:32 AM,JKBE,67.03
7/7/11 9:41:33 AM,GOOG,489.28
7/7/11 9:41:33 AM,GLD,188.84
7/7/11 9:41:34 AM,AAPL,339.9
7/7/11 9:41:35 AM,IBM,105.96
7/7/11 9:41:35 AM,GOOG,445.6
7/7/11 9:41:36 AM,INTC,23.14
7/7/11 9:41:36 AM,GOOG,527.75
7/7/11 9:41:37 AM,GLD,185.94
7/7/11 9:41:37 AM,GOOG,459.43
7/7/11 9:41:38 AM,INTC,24.7
7/7/11 9:41:38 AM,SLV,41.56
7/7/11 9:41:39 AM,IBM,114.48
7/7/11 9:41:40 AM,SLV,37.41
7/7/11 9:41:40 AM,ORCL,28.78
7/7/11 9:41:41 AM,IBM,106.45
7/7/11 9:41:41 AM,ORCL,27.03
7/7/11 9:41:42 AM,GOOG,467.34
7/7/11 9:41:42 AM,GOOG,438.78
7/7/11 9:41:43 AM,AAPL,329.23
7/7/11 9:41:43 AM,TSLA,30.91
7/7/11 9:41:44 AM,SLV,39.2
7/7/11 9:41:45 AM,AAPL,365.09
7/7/11 9:41:45 AM,GLD,167.34
7/7/11 9:41:46 AM,AAPL,358.13
7/7/11 9:41:46 AM,GLD,173.69
7/7/11 9:41:47 AM,SLV,36.47
7/7/11 9:41:47 AM,GLD,157.36
7/7/11 9:41:48 AM,GOOG,452.14
7/7/11 9:41:48 AM,XOM,94.8
7/7/11 9:41:49 AM,INTC,26.51
7/7/11 9:41:49 AM,AAPL,362.43
7/7/11 9:41:50 AM,GLD,155.45
7/7/11 9:41:51 AM,GOOG,477.08
7/7/11 9:41:51 AM,SLV,37.14
7/7/11 9:41:52 AM,GOOG,510.53
7/7/11 9:41:52 AM,JKBE,73.16
7/7/11 9:41:53 AM,SLV,35.31
7/7/11 9:41:53 AM,GOOG,525.97
7/7/11 9:41:54 AM,AAPL,388.18
7/7/11 9:41:54 AM,AAPL,359.31
7/7/11 9:41:55 AM,GLD,185.6
7/7/11 9:41:55 AM,IBM,109.68
7/7/11 9:41:56 AM,GOOG,487.0
7/7/11 9:41:57 AM,AAPL,405.42
7/7/11 9:41:57 AM,GLD,156.44
7/7/11 9:41:58 AM,GOOG,515.18
7/7/11 9:41:58 AM,AAPL,390.09
7/7/11 9:41:59 AM,XOM,93.02
7/7/11 9:41:59 AM,SLV,36.39
7/7/11 9:42:00 AM,GOOG,462.61
7/7/11 9:42:01 AM,GLD,185.76
7/7/11 9:42:01 AM,GLD,170.2
7/7/11 9:42:02 AM,IBM,99.96
7/7/11 9:42:02 AM,TSLA,34.92
7/7/11 9:42:03 AM,SLV,42.07
7/7/11 9:42:03 AM,GOOG,485.47
7/7/11 9:42:04 AM,TSLA,30.99
7/7/11 9:42:04 AM,XOM,85.53
7/7/11 9:42:05 AM,SLV,35.97
7/7/11 9:42:05 AM,JKBE,61.21
7/7/11 9:42:06 AM,XOM,97.33
7/7/11 9:42:06 AM,ORCL,25.06
7/7/11 9:42:07 AM,ORCL,27.56
7/7/11 9:42:08 AM,AAPL,390.98
7/7/11 9:42:08 AM,SLV,37.51
7/7/11 9:42:09 AM,XOM,94.83
7/7/11 9:42:09 AM,TSLA,34.67
7/7/11 9:42:10 AM,SLV,37.94
7/7/11 9:42:10 AM,GOOG,505.13
7/7/11 9:42:11 AM,GOOG,473.09
7/7/11 9:42:11 AM,GOOG,471.0
7/7/11 9:42:12 AM,XOM,93.66
7/7/11 9:42:12 AM,JKBE,73.63
7/7/11 9:42:13 AM,GLD,173.64
7/7/11 9:42:13 AM,XOM,88.62
7/7/11 9:42:14 AM,ORCL,24.42
7/7/11 9:42:15 AM,ORCL,24.7
7/7/11 9:42:15 AM,GLD,171.89
7/7/11 9:42:16 AM,SLV,42.0
7/7/11 9:42:16 AM,ORCL,25.64
7/7/11 9:42:17 AM,SLV,36.12
7/7/11 9:42:17 AM,TSLA,28.35
7/7/11 9:42:18 AM,ORCL,26.83
7/7/11 9:42:18 AM,GLD,182.71
7/7/11 9:42:19 AM,GOOG,518.34
7/7/11 9:42:19 AM,GLD,168.37
7/7/11 9:42:20 AM,GOOG,485.78
7/7/11 9:42:21 AM,TSLA,28.36
7/7/11 9:42:21 AM,AAPL,369.24
7/7/11 9:42:22 AM,ORCL,28.21
7/7/11 9:42:22 AM,INTC,26.06
7/7/11 9:42:23 AM,GOOG,467.19
7/7/11 9:42:23 AM,IBM,113.96
7/7/11 9:42:24 AM,XOM,93.22
7/7/11 9:42:24 AM,XOM,103.96
7/7/11 9:42:25 AM,ORCL,27.57
7/7/11 9:42:26 AM,ORCL,24.65
7/7/11 9:42:26 AM,SLV,37.86
7/7/11 9:42:27 AM,AAPL,338.35
7/7/11 9:42:27 AM,GLD,180.82
7/7/11 9:42:28 AM,AAPL,372.73
7/7/11 9:42:28 AM,SLV,37.12
7/7/11 9:42:29 AM,ORCL,29.53
7/7/11 9:42:29 AM,INTC,26.58
7/7/11 9:42:30 AM,TSLA,34.9
7/7/11 9:42:31 AM,AAPL,402.26
7/7/11 9:42:31 AM,TSLA,29.15
7/7/11 9:42:32 AM,GLD,155.37
7/7/11 9:42:32 AM,IBM,97.07
7/7/11 9:42:33 AM,GLD,186.7
7/7/11 9:42:33 AM,ORCL,28.69
7/7/11 9:42:34 AM,XOM,103.01
7/7/11 9:42:34 AM,XOM,88.55
7/7/11 9:42:35 AM,TSLA,33.84
7/7/11 9:42:36 AM,TSLA,28.72
7/7/11 9:42:36 AM,GLD,180.36
7/7/11 9:42:37 AM,AAPL,353.31
7/7/11 9:42:37 AM,INTC,22.63
7/7/11 9:42:38 AM,SLV,36.4
7/7/11 9:42:38 AM,INTC,25.97
7/7/11 9:42:39 AM,INTC,27.34
7/7/11 9:42:39 AM,AAPL,361.37
7/7/11 9:42:40 AM,XOM,94.1
7/7/11 9:42:40 AM,AAPL,373.51
7/7/11 9:42:41 AM,GLD,163.14
7/7/11 9:42:41 AM,GOOG,476.73
7/7/11 9:42:42 AM,XOM,98.74
7/7/11 9:42:43 AM,SLV,38.19
7/7/11 9:42:43 AM,GOOG,477.37
7/7/11 9:42:44 AM,JKBE,73.12
7/7/11 9:42:44 AM,SLV,40.22
7/7/11 9:42:45 AM,JKBE,73.57
7/7/11 9:42:45 AM,ORCL,27.51
7/7/11 9:42:46 AM,IBM,111.25
7/7/11 9:42:47 AM,XOM,91.0
7/7/11 9:42:47 AM,GOOG,437.52
7/7/11 9:42:48 AM,SLV,42.66
7/7/11 9:42:48 AM,ORCL,24.7
7/7/11 9:42:49 AM,AAPL,380.22
7/7/11 9:42:49 AM,JKBE,67.55
7/7/11 9:42:50 AM,XOM,105.66
7/7/11 9:42:50 AM,ORCL,25.3
7/7/11 9:42:51 AM,AAPL,356.08
7/7/11 9:42:51 AM,GOOG,488.48
7/7/11 9:42:52 AM,AAPL,352.32
7/7/11 9:42:53 AM,TSLA,34.23
7/7/11 9:42:53 AM,SLV,41.92
7/7/11 9:42:54 AM,AAPL,382.17
7/7/11 9:42:54 AM,AAPL,350.95
7/7/11 9:42:55 AM,GOOG,504.91
7/7/11 9:42:55 AM,GOOG,465.76
7/7/11 9:42:56 AM,SLV,38.04
7/7/11 9:42:56 AM,XOM,102.34
7/7/11 9:42:57 AM,IBM,96.62
7/7/11 9:42:58 AM,SLV,35.87
7/7/11 9:42:58 AM,IBM,112.62
7/7/11 9:42:59 AM,SLV,38.78
7/7/11 9:42:59 AM,JKBE,72.58
7/7/11 9:43:00 AM,SLV,39.95
7/7/11 9:43:00 AM,JKBE,66.59
7/7/11 9:43:01 AM,INTC,23.98
7/7/11 9:43:01 AM,XOM,105.76
7/7/11 9:43:02 AM,INTC,27.05
7/7/11 9:43:03 AM,JKBE,64.67
7/7/11 9:43:03 AM,GLD,182.32
7/7/11 9:43:04 AM,JKBE,69.61
7/7/11 9:43:04 AM,INTC,24.63
7/7/11 9:43:05 AM,JKBE,63.07
7/7/11 9:43:05 AM,INTC,26.2
7/7/11 9:43:06 AM,SLV,35.85
7/7/11 9:43:06 AM,AAPL,404.88
7/7/11 9:43:07 AM,IBM,104.47
7/7/11 9:43:08 AM,JKBE,66.83
7/7/11 9:43:08 AM,GOOG,450.96
7/7/11 9:43:09 AM,TSLA,28.19
7/7/11 9:43:09 AM,JKBE,62.33
7/7/11 9:43:10 AM,ORCL,29.72
7/7/11 9:43:10 AM,IBM,108.92
7/7/11 9:43:11 AM,JKBE,60.63
7/7/11 9:43:11 AM,IBM,107.91
7/7/11 9:43:12 AM,GLD,154.97
7/7/11 9:43:12 AM,INTC,26.74
7/7/11 9:43:13 AM,GOOG,431.23
7/7/11 9:43:14 AM,SLV,41.08
7/7/11 9:43:14 AM,JKBE,69.14
7/7/11 9:43:15 AM,XOM,94.3
7/7/11 9:43:15 AM,TSLA,28.7
7/7/11 9:43:16 AM,XOM,94.95
7/7/11 9:43:16 AM,ORCL,26.37
7/7/11 9:43:17 AM,SLV,40.33
7/7/11 9:43:18 AM,GLD,180.75
7/7/11 9:43:18 AM,GLD,153.14
7/7/11 9:43:19 AM,AAPL,370.17
7/7/11 9:43:19 AM,INTC,24.61
7/7/11 9:43:20 AM,SLV,36.95
7/7/11 9:43:20 AM,AAPL,379.06
7/7/11 9:43:21 AM,TSLA,31.91
7/7/11 9:43:21 AM,XOM,87.15
7/7/11 9:43:22 AM,JKBE,62.73
7/7/11 9:43:23 AM,GLD,152.24
7/7/11 9:43:23 AM,TSLA,28.39
7/7/11 9:43:24 AM,ORCL,25.62
7/7/11 9:43:24 AM,INTC,24.67
7/7/11 9:43:25 AM,GLD,158.26
7/7/11 9:43:25 AM,GOOG,450.35
7/7/11 9:43:26 AM,XOM,98.45
7/7/11 9:43:26 AM,GLD,178.99
7/7/11 9:43:27 AM,SLV,39.13
7/7/11 9:43:28 AM,ORCL,28.78
7/7/11 9:43:28 AM,GOOG,483.8
7/7/11 9:43:29 AM,GLD,177.24
7/7/11 9:43:29 AM,GLD,156.52
7/7/11 9:43:30 AM,AAPL,385.82
7/7/11 9:43:30 AM,IBM,98.88
7/7/11 9:43:31 AM,IBM,106.32
7/7/11 9:43:31 AM,JKBE,65.75
7/7/11 9:43:32 AM,AAPL,343.49
7/7/11 9:43:33 AM,XOM,104.69
7/7/11 9:43:33 AM,IBM,108.4
7/7/11 9:43:34 AM,GLD,183.63
7/7/11 9:43:34 AM,SLV,37.02
7/7/11 9:43:35 AM,IBM,111.95
7/7/11 9:43:35 AM,XOM,98.84
7/7/11 9:43:36 AM,ORCL,24.23
7/7/11 9:43:36 AM,GLD,152.64
7/7/11 9:43:37 AM,SLV,37.88
7/7/11 9:43:37 AM,IBM,100.25
7/7/11 9:43:38 AM,ORCL,29.05
7/7/11 9:43:39 AM,TSLA,34.61
7/7/11 9:43:39 AM,IBM,110.39
7/7/11 9:43:40 AM,INTC,22.78
7/7/11 9:43:40 AM,ORCL,27.88
7/7/11 9:43:41 AM,GOOG,433.79
7/7/11 9:43:41 AM,JKBE,60.38
7/7/11 9:43:42 AM,GLD,152.27
7/7/11 9:43:42 AM,XOM,97.87
7/7/11 9:43:43 AM,ORCL,27.34
7/7/11 9:43:43 AM,ORCL,29.4
7/7/11 9:43:44 AM,SLV,38.74
7/7/11 9:43:45 AM,XOM,90.07
7/7/11 9:43:45 AM,ORCL,26.31
7/7/11 9:43:46 AM,XOM,105.15
7/7/11 9:43:46 AM,TSLA,31.11
7/7/11 9:43:47 AM,AAPL,401.96
7/7/11 9:43:47 AM,GOOG,475.81
7/7/11 9:43:48 AM,INTC,22.59
7/7/11 9:43:49 AM,IBM,95.2
7/7/11 9:43:49 AM,INTC,24.62
7/7/11 9:43:50 AM,GLD,187.14
7/7/11 9:43:50 AM,TSLA,33.38
7/7/11 9:43:51 AM,ORCL,27.0
7/7/11 9:43:51 AM,IBM,105.33
7/7/11 9:43:52 AM,ORCL,26.06
7/7/11 9:43:52 AM,JKBE,62.12
7/7/11 9:43:53 AM,AAPL,346.69
7/7/11 9:43:53 AM,INTC,26.96
7/7/11 9:43:54 AM,INTC,25.76
7/7/11 9:43:55 AM,IBM,107.04
7/7/11 9:43:55 AM,TSLA,33.26
7/7/11 9:43:56 AM,AAPL,358.02
7/7/11 9:43:56 AM,INTC,26.83
7/7/11 9:43:57 AM,INTC,26.8
7/7/11 9:43:57 AM,TSLA,28.89
7/7/11 9:43:58 AM,JKBE,70.94
7/7/11 9:43:58 AM,AAPL,336.7
7/7/11 9:43:59 AM,TSLA,33.17
7/7/11 9:43:59 AM,INTC,23.99
7/7/11 9:44:00 AM,TSLA,30.06
7/7/11 9:44:01 AM,IBM,116.47
7/7/11 9:44:01 AM,INTC,24.52
7/7/11 9:44:02 AM,GLD,175.4
7/7/11 9:44:02 AM,XOM,104.36
7/7/11 9:44:03 AM,GLD,154.06
7/7/11 9:44:03 AM,SLV,41.36
7/7/11 9:44:04 AM,AAPL,381.49
7/7/11 9:44:04 AM,GLD,171.42
7/7/11 9:44:05 AM,AAPL,361.62
7/7/11 9:44:06 AM,IBM,117.02
7/7/11 9:44:06 AM,XOM,92.3
7/7/11 9:44:07 AM,AAPL,332.63
7/7/11 9:44:07 AM,ORCL,26.82
7/7/11 9:44:08 AM,ORCL,24.1
7/7/11 9:44:08 AM,GLD,173.66
7/7/11 9:44:09 AM,INTC,23.16
7/7/11 9:44:10 AM,JKBE,74.64
7/7/11 9:44:10 AM,GLD,157.06
7/7/11 9:44:11 AM,SLV,40.56
7/7/11 9:44:11 AM,GLD,185.16
7/7/11 9:44:12 AM,INTC,24.05
7/7/11 9:44:12 AM,XOM,94.18
7/7/11 9:44:13 AM,GLD,162.21
7/7/11 9:44:13 AM,IBM,109.37
7/7/11 9:44:14 AM,SLV,42.68
7/7/11 9:44:15 AM,GOOG,516.12
7/7/11 9:44:15 AM,ORCL,25.6
7/7/11 9:44:16 AM,GOOG,519.35
7/7/11 9:44:16 AM,GOOG,501.71
7/7/11 9:44:17 AM,INTC,23.6
7/7/11 9:44:17 AM,XOM,105.45
7/7/11 9:44:18 AM,ORCL,29.6
7/7/11 9:44:18 AM,GOOG,453.98
7/7/11 9:44:19 AM,GOOG,479.5
7/7/11 9:44:19 AM,ORCL,26.76
7/7/11 9:44:20 AM,AAPL,391.43
7/7/11 9:44:20 AM,AAPL,357.72
7/7/11 9:44:21 AM,XOM,85.39
7/7/11 9:44:22 AM,AAPL,391.18
7/7/11 9:44:22 AM,XOM,104.83
7/7/11 9:44:23 AM,TSLA,28.43
7/7/11 9:44:23 AM,AAPL,332.41
7/7/11 9:44:24 AM,GLD,164.43
7/7/11 9:44:24 AM,XOM,86.77
7/7/11 9:44:25 AM,XOM,91.93
7/7/11 9:44:25 AM,GLD,186.52
7/7/11 9:44:26 AM,SLV,38.92
7/7/11 9:44:27 AM,ORCL,25.89
7/7/11 9:44:27 AM,IBM,96.25
7/7/11 9:44:28 AM,AAPL,329.92
7/7/11 9:44:28 AM,TSLA,29.53
7/7/11 9:44:29 AM,IBM,107.49
7/7/11 9:44:29 AM,INTC,26.76
7/7/11 9:44:30 AM,XOM,99.31
7/7/11 9:44:30 AM,SLV,39.47
7/7/11 9:44:31 AM,IBM,111.31
7/7/11 9:44:32 AM,SLV,37.54
7/7/11 9:44:32 AM,TSLA,32.12
7/7/11 9:44:33 AM,GLD,185.74
7/7/11 9:44:33 AM,GOOG,437.78
7/7/11 9:44:34 AM,AAPL,336.87
7/7/11 9:44:34 AM,INTC,25.15
7/7/11 9:44:35 AM,SLV,40.03
7/7/11 9:44:36 AM,GLD,184.65
7/7/11 9:44:36 AM,AAPL,336.8
7/7/11 9:44:37 AM,GOOG,496.33
7/7/11 9:44:37 AM,GLD,178.99
7/7/11 9:44:38 AM,XOM,96.85
7/7/11 9:44:38 AM,JKBE,66.04
7/7/11 9:44:39 AM,GLD,161.49
7/7/11 9:44:39 AM,TSLA,33.56
7/7/11 9:44:40 AM,GOOG,437.98
7/7/11 9:44:40 AM,GOOG,451.97
7/7/11 9:44:41 AM,INTC,24.56
7/7/11 9:44:42 AM,IBM,108.26
7/7/11 9:44:42 AM,ORCL,25.98
7/7/11 9:44:43 AM,ORCL,26.54
7/7/11 9:44:43 AM,XOM,88.17
7/7/11 9:44:44 AM,GOOG,454.59
7/7/11 9:44:44 AM,ORCL,24.43
7/7/11 9:44:45 AM,INTC,26.86
7/7/11 9:44:46 AM,SLV,35.48
7/7/11 9:44:46 AM,SLV,40.65
7/7/11 9:44:47 AM,INTC,23.46
7/7/11 9:44:47 AM,AAPL,352.51
7/7/11 9:44:48 AM,GOOG,470.66
7/7/11 9:44:48 AM,ORCL,28.99
7/7/11 9:44:49 AM,INTC,22.66
7/7/11 9:44:50 AM,INTC,23.11
7/7/11 9:44:50 AM,SLV,37.02
7/7/11 9:44:51 AM,AAPL,404.63
7/7/11 9:44:51 AM,SLV,35.04
7/7/11 9:44:52 AM,GOOG,524.17
7/7/11 9:44:52 AM,TSLA,32.51
7/7/11 9:44:53 AM,GLD,184.08
7/7/11 9:44:53 AM,SLV,41.6
7/7/11 9:44:54 AM,GOOG,454.57
7/7/11 9:44:55 AM,GLD,158.14
7/7/11 9:44:55 AM,ORCL,26.28
7/7/11 9:44:56 AM,JKBE,66.1
7/7/11 9:44:56 AM,GLD,171.39
7/7/11 9:44:57 AM,GLD,176.14
7/7/11 9:44:57 AM,AAPL,345.18
7/7/11 9:44:58 AM,GOOG,513.04
7/7/11 9:44:58 AM,XOM,91.58
7/7/11 9:44:59 AM,GOOG,490.62
7/7/11 9:44:59 AM,JKBE,73.04
7/7/11 9:45:00 AM,GOOG,455.49
7/7/11 9:45:01 AM,GOOG,530.93
7/7/11 9:45:01 AM,IBM,115.12
7/7/11 9:45:02 AM,GOOG,499.49
7/7/11 9:45:02 AM,ORCL,25.95
7/7/11 9:45:03 AM,GOOG,431.46
7/7/11 9:45:03 AM,GOOG,490.14
7/7/11 9:45:04 AM,SLV,42.0
7/7/11 9:45:04 AM,AAPL,363.18
7/7/11 9:45:05 AM,GOOG,501.31
7/7/11 9:45:05 AM,GLD,167.08
7/7/11 9:45:06 AM,AAPL,357.94
7/7/11 9:45:07 AM,SLV,41.14
7/7/11 9:45:07 AM,JKBE,74.08
7/7/11 9:45:08 AM,AAPL,333.84
7/7/11 9:45:08 AM,GOOG,431.66
7/7/11 9:45:09 AM,INTC,24.86
7/7/11 9:45:09 AM,GLD,158.18
7/7/11 9:45:10 AM,INTC,23.93
7/7/11 9:45:10 AM,GOOG,428.91
7/7/11 9:45:11 AM,IBM,108.81
7/7/11 9:45:11 AM,GLD,154.76
7/7/11 9:45:12 AM,AAPL,332.97
7/7/11 9:45:13 AM,SLV,39.84
7/7/11 9:45:13 AM,GLD,183.44
7/7/11 9:45:14 AM,GOOG,462.84
7/7/11 9:45:14 AM,GLD,184.73
7/7/11 9:45:15 AM,ORCL,27.38
7/7/11 9:45:15 AM,GLD,161.24
7/7/11 9:45:16 AM,XOM,93.38
7/7/11 9:45:16 AM,JKBE,61.32
7/7/11 9:45:17 AM,AAPL,387.52
7/7/11 9:45:18 AM,AAPL,382.62
7/7/11 9:45:18 AM,ORCL,28.35
7/7/11 9:45:19 AM,XOM,88.45
7/7/11 9:45:19 AM,SLV,39.46
7/7/11 9:45:20 AM,TSLA,31.9
7/7/11 9:45:20 AM,TSLA,34.14
7/7/11 9:45:21 AM,SLV,41.59
7/7/11 9:45:21 AM,AAPL,332.2
7/7/11 9:45:22 AM,AAPL,326.14
7/7/11 9:45:22 AM,GLD,166.22
7/7/11 9:45:23 AM,SLV,37.8
7/7/11 9:45:23 AM,GOOG,458.79
7/7/11 9:45:24 AM,XOM,101.4
7/7/11 9:45:25 AM,GLD,167.57
7/7/11 9:45:25 AM,SLV,41.07
7/7/11 9:45:26 AM,IBM,105.28
7/7/11 9:45:26 AM,JKBE,62.23
7/7/11 9:45:27 AM,INTC,24.11
7/7/11 9:45:27 AM,ORCL,27.98
7/7/11 9:45:28 AM,GOOG,484.37
7/7/11 9:45:28 AM,ORCL,29.13
7/7/11 9:45:29 AM,SLV,37.73
7/7/11 9:45:30 AM,INTC,23.18
7/7/11 9:45:30 AM,SLV,37.06
7/7/11 9:45:31 AM,SLV,36.78
7/7/11 9:45:31 AM,TSLA,34.76
7/7/11 9:45:32 AM,ORCL,27.02
7/7/11 9:45:32 AM,INTC,27.3
7/7/11 9:45:33 AM,JKBE,69.31
7/7/11 9:45:33 AM,TSLA,31.72
7/7/11 9:45:34 AM,XOM,95.93
7/7/11 9:45:35 AM,JKBE,67.19
7/7/11 9:45:35 AM,XOM,95.14
7/7/11 9:45:36 AM,TSLA,34.4
7/7/11 9:45:36 AM,TSLA,30.97
7/7/11 9:45:37 AM,JKBE,68.45
7/7/11 9:45:37 AM,GOOG,505.75
7/7/11 9:45:38 AM,SLV,41.69
7/7/11 9:45:39 AM,ORCL,25.27
7/7/11 9:45:39 AM,IBM,97.12
7/7/11 9:45:40 AM,GOOG,506.16
7/7/11 9:45:40 AM,TSLA,31.79
7/7/11 9:45:41 AM,SLV,41.27
7/7/11 9:45:41 AM,TSLA,29.91
7/7/11 9:45:42 AM,ORCL,24.56
7/7/11 9:45:43 AM,ORCL,27.32
7/7/11 9:45:43 AM,XOM,104.65
7/7/11 9:45:44 AM,GOOG,512.16
7/7/11 9:45:44 AM,IBM,102.24
7/7/11 9:45:45 AM,AAPL,369.35
7/7/11 9:45:45 AM,GOOG,434.95
7/7/11 9:45:46 AM,XOM,102.49
7/7/11 9:45:46 AM,TSLA,32.48
7/7/11 9:45:47 AM,TSLA,29.85
7/7/11 9:45:47 AM,GOOG,426.2
7/7/11 9:45:48 AM,INTC,25.48
7/7/11 9:45:49 AM,IBM,109.38
7/7/11 9:45:49 AM,SLV,41.83
7/7/11 9:45:50 AM,AAPL,338.9
7/7/11 9:45:50 AM,SLV,42.01
7/7/11 9:45:51 AM,JKBE,71.2
7/7/11 9:45:51 AM,AAPL,350.33
7/7/11 9:45:52 AM,SLV,37.04
7/7/11 9:45:52 AM,SLV,36.17
7/7/11 9:45:53 AM,JKBE,73.57
7/7/11 9:45:54 AM,SLV,38.66
7/7/11 9:45:54 AM,ORCL,27.64
7/7/11 9:45:55 AM,GOOG,509.54
7/7/11 9:45:55 AM,SLV,42.31
7/7/11 9:45:56 AM,GLD,176.14
7/7/11 9:45:56 AM,GOOG,454.61
7/7/11 9:45:57 AM,INTC,24.84
7/7/11 9:45:57 AM,XOM,90.09
7/7/11 9:45:58 AM,XOM,102.27
7/7/11 9:45:58 AM,AAPL,361.56
7/7/11 9:45:59 AM,XOM,103.09
7/7/11 9:46:00 AM,INTC,23.76
7/7/11 9:46:00 AM,TSLA,29.74
7/7/11 9:46:01 AM,GLD,163.78
7/7/11 9:46:01 AM,GLD,164.78
7/7/11 9:46:02 AM,TSLA,34.4
7/7/11 9:46:02 AM,INTC,26.13
7/7/11 9:46:03 AM,GOOG,456.63
7/7/11 9:46:03 AM,GLD,178.0
7/7/11 9:46:04 AM,GOOG,436.89
7/7/11 9:46:05 AM,AAPL,367.48
7/7/11 9:46:05 AM,ORCL,26.96
7/7/11 9:46:06 AM,SLV,36.5
7/7/11 9:46:06 AM,IBM,100.28
7/7/11 9:46:07 AM,AAPL,359.75
7/7/11 9:46:07 AM,SLV,35.25
7/7/11 9:46:08 AM,XOM,100.05
7/7/11 9:46:08 AM,IBM,105.51
7/7/11 9:46:09 AM,SLV,37.4
7/7/11 9:46:09 AM,INTC,24.36
7/7/11 9:46:10 AM,JKBE,74.96
7/7/11 9:46:11 AM,GOOG,426.46
7/7/11 9:46:11 AM,SLV,39.36
7/7/11 9:46:12 AM,SLV,41.81
7/7/11 9:46:12 AM,GOOG,444.15
7/7/11 9:46:13 AM,AAPL,347.09
7/7/11 9:46:13 AM,SLV,42.9
7/7/11 9:46:14 AM,XOM,94.89
7/7/11 9:46:14 AM,INTC,25.8
7/7/11 9:46:15 AM,IBM,96.73
7/7/11 9:46:16 AM,ORCL,28.13
7/7/11 9:46:16 AM,ORCL,25.04
7/7/11 9:46:17 AM,GOOG,484.65
7/7/11 9:46:17 AM,XOM,101.87
7/7/11 9:46:18 AM,AAPL,379.42
7/7/11 9:46:18 AM,JKBE,63.65
7/7/11 9:46:19 AM,SLV,38.91
7/7/11 9:46:19 AM,IBM,96.98
7/7/11 9:46:20 AM,JKBE,60.02
7/7/11 9:46:21 AM,GOOG,483.7
7/7/11 9:46:21 AM,SLV,37.46
7/7/11 9:46:22 AM,TSLA,31.21
7/7/11 9:46:22 AM,SLV,37.69
7/7/11 9:46:23 AM,AAPL,387.05
7/7/11 9:46:23 AM,ORCL,25.35
7/7/11 9:46:24 AM,IBM,103.61
7/7/11 9:46:24 AM,GOOG,427.67
7/7/11 9:46:25 AM,AAPL,383.26
7/7/11 9:46:26 AM,IBM,114.07
7/7/11 9:46:26 AM,SLV,38.3
7/7/11 9:46:27 AM,SLV,35.65
7/7/11 9:46:27 AM,JKBE,67.58
7/7/11 9:46:28 AM,ORCL,29.99
7/7/11 9:46:28 AM,XOM,95.33
7/7/11 9:46:29 AM,XOM,90.84
7/7/11 9:46:29 AM,XOM,100.13
7/7/11 9:46:30 AM,JKBE,65.97
7/7/11 9:46:30 AM,SLV,39.14
7/7/11 9:46:31 AM,AAPL,395.28
7/7/11 9:46:32 AM,GLD,184.08
7/7/11 9:46:32 AM,XOM,88.81
7/7/11 9:46:33 AM,INTC,24.61
7/7/11 9:46:33 AM,TSLA,32.65
7/7/11 9:46:34 AM,SLV,38.9
7/7/11 9:46:34 AM,XOM,100.05
7/7/11 9:46:35 AM,SLV,42.91
7/7/11 9:46:35 AM,XOM,97.85
7/7/11 9:46:36 AM,JKBE,66.38
7/7/11 9:46:36 AM,SLV,39.31
7/7/11 9:46:37 AM,GOOG,502.31
7/7/11 9:46:38 AM,INTC,22.57
7/7/11 9:46:38 AM,IBM,111.95
7/7/11 9:46:39 AM,IBM,104.25
7/7/11 9:46:39 AM,TSLA,30.95
7/7/11 9:46:40 AM,ORCL,26.68
7/7/11 9:46:40 AM,XOM,102.25
7/7/11 9:46:41 AM,TSLA,28.23
7/7/11 9:46:42 AM,JKBE,74.88
7/7/11 9:46:42 AM,TSLA,34.84
7/7/11 9:46:43 AM,AAPL,334.21
7/7/11 9:46:43 AM,SLV,39.31
7/7/11 9:46:44 AM,ORCL,25.78
7/7/11 9:46:44 AM,JKBE,60.42
7/7/11 9:46:45 AM,AAPL,364.17
7/7/11 9:46:45 AM,XOM,95.03
7/7/11 9:46:46 AM,XOM,104.95
7/7/11 9:46:47 AM,SLV,37.22
7/7/11 9:46:47 AM,INTC,25.81
7/7/11 9:46:48 AM,SLV,40.62
7/7/11 9:46:48 AM,JKBE,69.3
7/7/11 9:46:49 AM,INTC,24.07
7/7/11 9:46:49 AM,GOOG,486.18
7/7/11 9:46:50 AM,ORCL,29.18
7/7/11 9:46:50 AM,XOM,102.36
7/7/11 9:46:51 AM,TSLA,34.96
7/7/11 9:46:51 AM,XOM,97.79
7/7/11 9:46:52 AM,INTC,23.88
7/7/11 9:46:52 AM,IBM,117.76
7/7/11 9:46:53 AM,XOM,89.35
7/7/11 9:46:54 AM,INTC,25.81
7/7/11 9:46:54 AM,SLV,36.69
7/7/11 9:46:55 AM,ORCL,27.14
7/7/11 9:46:55 AM,GOOG,492.82
7/7/11 9:46:56 AM,ORCL,27.7
7/7/11 9:46:56 AM,SLV,41.28
7/7/11 9:46:57 AM,ORCL,27.67
7/7/11 9:46:57 AM,ORCL,29.5
7/7/11 9:46:58 AM,XOM,101.2
7/7/11 9:46:58 AM,ORCL,28.86
7/7/11 9:46:59 AM,AAPL,369.38
7/7/11 9:46:59 AM,ORCL,27.25
7/7/11 9:47:00 AM,ORCL,27.88
7/7/11 9:47:00 AM,SLV,38.26
7/7/11 9:47:01 AM,JKBE,71.89
7/7/11 9:47:01 AM,GOOG,463.68
7/7/11 9:47:02 AM,GOOG,441.74
7/7/11 9:47:03 AM,XOM,102.55
7/7/11 9:47:03 AM,ORCL,24.12
7/7/11 9:47:04 AM,JKBE,63.91
7/7/11 9:47:04 AM,ORCL,29.48
7/7/11 9:47:05 AM,TSLA,28.74
7/7/11 9:47:05 AM,GLD,159.11
7/7/11 9:47:06 AM,ORCL,26.2
7/7/11 9:47:06 AM,GLD,155.93
7/7/11 9:47:07 AM,AAPL,372.34
7/7/11 9:47:08 AM,XOM,86.95
7/7/11 9:47:08 AM,GOOG,436.7
7/7/11 9:47:09 AM,INTC,26.76
7/7/11 9:47:09 AM,IBM,99.55
7/7/11 9:47:10 AM,INTC,23.11
7/7/11 9:47:10 AM,AAPL,360.22
7/7/11 9:47:11 AM,TSLA,33.25
7/7/11 9:47:11 AM,IBM,96.85
7/7/11 9:47:12 AM,IBM,100.92
7/7/11 9:47:12 AM,XOM,104.97
7/7/11 9:47:13 AM,AAPL,404.12
7/7/11 9:47:14 AM,SLV,35.41
7/7/11 9:47:14 AM,GOOG,447.22
7/7/11 9:47:15 AM,IBM,117.55
7/7/11 9:47:15 AM,AAPL,401.29
7/7/11 9:47:16 AM,IBM,102.07
7/7/11 9:47:16 AM,XOM,87.94
7/7/11 9:47:17 AM,TSLA,29.04
7/7/11 9:47:17 AM,ORCL,29.32
7/7/11 9:47:18 AM,AAPL,352.76
7/7/11 9:47:19 AM,XOM,89.39
7/7/11 9:47:19 AM,SLV,42.21
7/7/11 9:47:20 AM,JKBE,67.38
7/7/11 9:47:20 AM,GOOG,510.0
7/7/11 9:47:21 AM,XOM,98.03
7/7/11 9:47:21 AM,IBM,115.71
7/7/11 9:47:22 AM,INTC,24.05
7/7/11 9:47:22 AM,ORCL,25.04
7/7/11 9:47:23 AM,JKBE,74.64
7/7/11 9:47:24 AM,SLV,40.66
7/7/11 9:47:24 AM,IBM,114.84
7/7/11 9:47:25 AM,INTC,26.31
7/7/11 9:47:25 AM,GLD,165.65
7/7/11 9:47:26 AM,IBM,116.02
7/7/11 9:47:26 AM,ORCL,29.6
7/7/11 9:47:27 AM,IBM,104.77
7/7/11 9:47:27 AM,ORCL,24.2
7/7/11 9:47:28 AM,TSLA,28.33
7/7/11 9:47:29 AM,AAPL,362.98
7/7/11 9:47:29 AM,JKBE,61.84
7/7/11 9:47:30 AM,XOM,98.68
7/7/11 9:47:30 AM,GLD,157.33
7/7/11 9:47:31 AM,TSLA,31.04
7/7/11 9:47:31 AM,INTC,23.66
7/7/11 9:47:32 AM,GLD,186.2
7/7/11 9:47:32 AM,SLV,38.14
7/7/11 9:47:33 AM,AAPL,377.53
7/7/11 9:47:33 AM,AAPL,368.35
7/7/11 9:47:34 AM,INTC,26.27
7/7/11 9:47:35 AM,JKBE,66.25
7/7/11 9:47:35 AM,TSLA,33.71
7/7/11 9:47:36 AM,IBM,109.96
7/7/11 9:47:36 AM,TSLA,28.83
7/7/11 9:47:37 AM,AAPL,347.61
7/7/11 9:47:37 AM,TSLA,33.41
7/7/11 9:47:38 AM,IBM,100.65
7/7/11 9:47:38 AM,INTC,25.66
7/7/11 9:47:39 AM,JKBE,63.93
7/7/11 9:47:39 AM,IBM,106.44
7/7/11 9:47:40 AM,SLV,35.85
7/7/11 9:47:40 AM,ORCL,27.74
7/7/11 9:47:41 AM,INTC,24.28
7/7/11 9:47:42 AM,GOOG,495.85
7/7/11 9:47:42 AM,XOM,86.3
7/7/11 9:47:43 AM,ORCL,28.73
7/7/11 9:47:43 AM,JKBE,64.2
7/7/11 9:47:44 AM,GOOG,436.6
7/7/11 9:47:44 AM,GLD,181.71
7/7/11 9:47:45 AM,GOOG,510.17
7/7/11 9:47:45 AM,GLD,162.66
7/7/11 9:47:46 AM,GOOG,527.38
7/7/11 9:47:47 AM,IBM,112.34
7/7/11 9:47:47 AM,ORCL,24.87
7/7/11 9:47:48 AM,GOOG,499.04
7/7/11 9:47:48 AM,XOM,101.75
7/7/11 9:47:49 AM,GLD,160.74
7/7/11 9:47:49 AM,ORCL,28.08
7/7/11 9:47:50 AM,JKBE,61.63
7/7/11 9:47:50 AM,TSLA,34.79
7/7/11 9:47:51 AM,GOOG,451.97
7/7/11 9:47:51 AM,GLD,164.35
7/7/11 9:47:52 AM,SLV,42.29
7/7/11 9:47:52 AM,JKBE,60.17
7/7/11 9:47:53 AM,ORCL,26.98
7/7/11 9:47:54 AM,AAPL,346.82
7/7/11 9:47:54 AM,ORCL,25.87
7/7/11 9:47:55 AM,GLD,159.81
7/7/11 9:47:55 AM,AAPL,339.99
7/7/11 9:47:56 AM,INTC,26.46
7/7/11 9:47:56 AM,IBM,101.37
7/7/11 9:47:57 AM,AAPL,352.53
7/7/11 9:47:57 AM,ORCL,27.24
7/7/11 9:47:58 AM,GOOG,496.44
7/7/11 9:47:59 AM,JKBE,62.09
7/7/11 9:47:59 AM,JKBE,64.72
7/7/11 9:48:00 AM,ORCL,24.41
7/7/11 9:48:00 AM,INTC,25.89
7/7/11 9:48:01 AM,GLD,167.22
7/7/11 9:48:01 AM,INTC,25.89
7/7/11 9:48:02 AM,XOM,90.5
7/7/11 9:48:02 AM,SLV,39.97
7/7/11 9:48:03 AM,TSLA,34.89
7/7/11 9:48:04 AM,IBM,105.92
7/7/11 9:48:04 AM,GLD,185.9
7/7/11 9:48:05 AM,GOOG,441.6
7/7/11 9:48:05 AM,INTC,27.04
7/7/11 9:48:06 AM,TSLA,34.37
7/7/11 9:48:06 AM,SLV,42.62
7/7/11 9:48:07 AM,ORCL,29.74
7/7/11 9:48:08 AM,XOM,97.51
7/7/11 9:48:08 AM,XOM,97.2
7/7/11 9:48:09 AM,GOOG,509.06
7/7/11 9:48:09 AM,XOM,99.62
7/7/11 9:48:10 AM,ORCL,26.11
7/7/11 9:48:10 AM,INTC,25.11
7/7/11 9:48:11 AM,GOOG,514.51
7/7/11 9:48:11 AM,GOOG,530.39
7/7/11 9:48:12 AM,SLV,38.56
7/7/11 9:48:12 AM,GLD,181.97
7/7/11 9:48:13 AM,XOM,93.89
7/7/11 9:48:13 AM,IBM,113.83
7/7/11 9:48:14 AM,TSLA,30.04
7/7/11 9:48:14 AM,SLV,35.91
7/7/11 9:48:15 AM,AAPL,374.09
7/7/11 9:48:15 AM,AAPL,359.75
7/7/11 9:48:16 AM,GOOG,490.62
7/7/11 9:48:17 AM,XOM,86.9
7/7/11 9:48:17 AM,GOOG,527.07
7/7/11 9:48:18 AM,TSLA,31.52
7/7/11 9:48:18 AM,AAPL,375.29
7/7/11 9:48:19 AM,INTC,27.34
7/7/11 9:48:19 AM,IBM,112.84
7/7/11 9:48:20 AM,ORCL,24.04
7/7/11 9:48:20 AM,GLD,161.03
7/7/11 9:48:21 AM,SLV,41.92
7/7/11 9:48:21 AM,GOOG,494.48
7/7/11 9:48:22 AM,AAPL,334.08
7/7/11 9:48:23 AM,SLV,40.22
7/7/11 9:48:23 AM,ORCL,26.64
7/7/11 9:48:24 AM,AAPL,380.61
7/7/11 9:48:24 AM,XOM,103.67
7/7/11 9:48:25 AM,AAPL,361.42
7/7/11 9:48:25 AM,INTC,23.41
7/7/11 9:48:26 AM,INTC,23.63
7/7/11 9:48:26 AM,TSLA,34.01
7/7/11 9:48:27 AM,IBM,98.64
7/7/11 9:48:27 AM,SLV,36.47
7/7/11 9:48:28 AM,TSLA,29.83
7/7/11 9:48:29 AM,AAPL,325.27
7/7/11 9:48:29 AM,AAPL,344.71
7/7/11 9:48:30 AM,IBM,111.03
7/7/11 9:48:30 AM,XOM,96.13
7/7/11 9:48:31 AM,INTC,25.34
7/7/11 9:48:31 AM,AAPL,372.09
7/7/11 9:48:32 AM,TSLA,33.72
7/7/11 9:48:32 AM,XOM,103.17
7/7/11 9:48:33 AM,XOM,91.02
7/7/11 9:48:34 AM,GLD,152.78
7/7/11 9:48:34 AM,GOOG,511.27
7/7/11 9:48:35 AM,XOM,85.63
7/7/11 9:48:35 AM,GOOG,449.04
7/7/11 9:48:36 AM,TSLA,33.55
7/7/11 9:48:36 AM,TSLA,31.76
7/7/11 9:48:37 AM,AAPL,385.65
7/7/11 9:48:37 AM,GLD,173.72
7/7/11 9:48:38 AM,XOM,86.91
7/7/11 9:48:39 AM,GLD,166.83
7/7/11 9:48:39 AM,GLD,152.01
7/7/11 9:48:40 AM,TSLA,34.86
7/7/11 9:48:40 AM,GLD,183.45
7/7/11 9:48:41 AM,JKBE,61.35
7/7/11 9:48:41 AM,GLD,168.46
7/7/11 9:48:42 AM,GLD,186.87
7/7/11 9:48:42 AM,IBM,104.71
7/7/11 9:48:43 AM,ORCL,28.01
7/7/11 9:48:44 AM,JKBE,63.22
7/7/11 9:48:44 AM,JKBE,62.06
7/7/11 9:48:45 AM,INTC,22.53
7/7/11 9:48:45 AM,AAPL,389.72
7/7/11 9:48:46 AM,SLV,37.44
7/7/11 9:48:46 AM,GLD,160.77
7/7/11 9:48:47 AM,GOOG,495.08
7/7/11 9:48:47 AM,GOOG,509.79
7/7/11 9:48:48 AM,SLV,42.55
7/7/11 9:48:48 AM,IBM,98.11
7/7/11 9:48:49 AM,AAPL,343.97
7/7/11 9:48:50 AM,TSLA,31.0
7/7/11 9:48:50 AM,AAPL,393.24
7/7/11 9:48:51 AM,GLD,179.19
7/7/11 9:48:51 AM,ORCL,28.08
7/7/11 9:48:52 AM,SLV,41.02
7/7/11 9:48:52 AM,INTC,27.08
7/7/11 9:48:53 AM,TSLA,30.26
7/7/11 9:48:53 AM,XOM,105.0
7/7/11 9:48:54 AM,AAPL,359.39
7/7/11 9:48:54 AM,GOOG,439.0
7/7/11 9:48:55 AM,JKBE,70.12
7/7/11 9:48:56 AM,AAPL,380.3
7/7/11 9:48:56 AM,INTC,22.67
7/7/11 9:48:57 AM,ORCL,24.45
7/7/11 9:48:57 AM,SLV,42.71
7/7/11 9:48:58 AM,JKBE,72.66
7/7/11 9:48:58 AM,GOOG,506.52
7/7/11 9:48:59 AM,TSLA,32.9
7/7/11 9:49:00 AM,IBM,109.13
7/7/11 9:49:00 AM,XOM,96.14
7/7/11 9:49:01 AM,ORCL,28.25
7/7/11 9:49:01 AM,TSLA,31.91
7/7/11 9:49:02 AM,SLV,36.89
7/7/11 9:49:02 AM,GLD,172.09
7/7/11 9:49:03 AM,SLV,35.52
7/7/11 9:49:03 AM,JKBE,74.09
7/7/11 9:49:04 AM,TSLA,31.58
7/7/11 9:49:05 AM,TSLA,32.13
7/7/11 9:49:05 AM,GLD,155.42
7/7/11 9:49:06 AM,INTC,22.54
7/7/11 9:49:06 AM,AAPL,343.61
7/7/11 9:49:07 AM,IBM,98.04
7/7/11 9:49:07 AM,IBM,116.5
7/7/11 9:49:08 AM,GLD,165.53
7/7/11 9:49:08 AM,XOM,85.7
7/7/11 9:49:09 AM,TSLA,32.13
7/7/11 9:49:09 AM,TSLA,31.95
7/7/11 9:49:10 AM,TSLA,32.92
7/7/11 9:49:11 AM,GLD,162.71
7/7/11 9:49:11 AM,GLD,161.19
7/7/11 9:49:12 AM,XOM,95.07
7/7/11 9:49:12 AM,ORCL,25.82
7/7/11 9:49:13 AM,GOOG,495.38
7/7/11 9:49:13 AM,SLV,37.0
7/7/11 9:49:14 AM,XOM,86.25
7/7/11 9:49:14 AM,SLV,37.43
7/7/11 9:49:15 AM,JKBE,62.9
7/7/11 9:49:15 AM,INTC,22.96
7/7/11 9:49:16 AM,GOOG,520.27
7/7/11 9:49:17 AM,JKBE,60.24
7/7/11 9:49:17 AM,SLV,40.33
7/7/11 9:49:18 AM,INTC,25.86
7/7/11 9:49:18 AM,IBM,99.0
7/7/11 9:49:19 AM,JKBE,71.45
7/7/11 9:49:19 AM,IBM,95.99
7/7/11 9:49:20 AM,AAPL,359.49
7/7/11 9:49:20 AM,SLV,40.62
7/7/11 9:49:21 AM,ORCL,24.36
7/7/11 9:49:21 AM,ORCL,29.13
7/7/11 9:49:22 AM,AAPL,335.15
7/7/11 9:49:23 AM,GLD,174.83
7/7/11 9:49:23 AM,ORCL,27.19
7/7/11 9:49:24 AM,AAPL,346.05
7/7/11 9:49:24 AM,SLV,39.05
7/7/11 9:49:25 AM,AAPL,376.99
7/7/11 9:49:25 AM,ORCL,28.45
7/7/11 9:49:26 AM,ORCL,29.28
7/7/11 9:49:26 AM,XOM,99.72
7/7/11 9:49:27 AM,TSLA,32.39
7/7/11 9:49:27 AM,AAPL,398.88
7/7/11 9:49:28 AM,GLD,171.86
7/7/11 9:49:29 AM,IBM,101.24
7/7/11 9:49:29 AM,SLV,41.67
7/7/11 9:49:30 AM,XOM,87.42
7/7/11 9:49:30 AM,ORCL,24.98
7/7/11 9:49:31 AM,SLV,40.39
7/7/11 9:49:31 AM,GLD,174.08
7/7/11 9:49:32 AM,GOOG,431.75
7/7/11 9:49:32 AM,ORCL,24.08
7/7/11 9:49:33 AM,JKBE,72.68
7/7/11 9:49:34 AM,XOM,94.77
7/7/11 9:49:34 AM,SLV,39.97
7/7/11 9:49:35 AM,SLV,37.89
7/7/11 9:49:35 AM,SLV,35.01
7/7/11 9:49:36 AM,SLV,41.41
7/7/11 9:49:36 AM,JKBE,67.34
7/7/11 9:49:37 AM,GLD,189.51
7/7/11 9:49:37 AM,GOOG,446.2
7/7/11 9:49:38 AM,IBM,108.22
7/7/11 9:49:38 AM,GLD,169.29
7/7/11 9:49:39 AM,IBM,112.34
7/7/11 9:49:39 AM,GOOG,449.8
7/7/11 9:49:40 AM,IBM,113.07
7/7/11 9:49:41 AM,IBM,108.33
7/7/11 9:49:41 AM,SLV,35.08
7/7/11 9:49:42 AM,JKBE,64.76
7/7/11 9:49:42 AM,ORCL,29.14
7/7/11 9:49:43 AM,ORCL,29.59
7/7/11 9:49:43 AM,TSLA,32.8
7/7/11 9:49:44 AM,ORCL,29.5
7/7/11 9:49:44 AM,JKBE,63.86
7/7/11 9:49:45 AM,GOOG,487.46
7/7/11 9:49:45 AM,SLV,35.63
7/7/11 9:49:46 AM,SLV,38.96
7/7/11 9:49:47 AM,TSLA,29.4
7/7/11 9:49:47 AM,AAPL,331.09
7/7/11 9:49:48 AM,IBM,107.17
7/7/11 9:49:48 AM,TSLA,28.58
7/7/11 9:49:49 AM,ORCL,28.13
7/7/11 9:49:49 AM,GOOG,461.54
7/7/11 9:49:50 AM,AAPL,402.08
7/7/11 9:49:50 AM,JKBE,65.97
7/7/11 9:49:51 AM,XOM,99.41
7/7/11 9:49:52 AM,ORCL,28.81
7/7/11 9:49:52 AM,XOM,87.46
7/7/11 9:49:53 AM,XOM,103.76
7/7/11 9:49:53 AM,IBM,117.41
7/7/11 9:49:54 AM,INTC,23.84
7/7/11 9:49:54 AM,JKBE,68.62
7/7/11 9:49:55 AM,XOM,96.21
7/7/11 9:49:55 AM,ORCL,25.73
7/7/11 9:49:56 AM,XOM,91.93
7/7/11 9:49:56 AM,GOOG,431.07
7/7/11 9:49:57 AM,XOM,102.68
7/7/11 9:49:57 AM,INTC,25.03
7/7/11 9:49:58 AM,INTC,27.11
7/7/11 9:49:58 AM,TSLA,32.3
7/7/11 9:49:59 AM,IBM,96.1
7/7/11 9:50:00 AM,GLD,180.32
7/7/11 9:50:00 AM,IBM,113.79
7/7/11 9:50:01 AM,GOOG,503.55
7/7/11 9:50:01 AM,JKBE,67.38
7/7/11 9:50:02 AM,GLD,188.58
7/7/11 9:50:02 AM,SLV,36.51
7/7/11 9:50:03 AM,GLD,158.59
7/7/11 9:50:03 AM,AAPL,400.87
7/7/11 9:50:04 AM,GOOG,481.09
7/7/11 9:50:04 AM,GOOG,467.1
7/7/11 9:50:05 AM,IBM,97.23
7/7/11 9:50:06 AM,SLV,42.87
7/7/11 9:50:06 AM,IBM,102.72
7/7/11 9:50:07 AM,GOOG,455.28
7/7/11 9:50:07 AM,JKBE,68.79
7/7/11 9:50:08 AM,GLD,171.32
7/7/11 9:50:08 AM,JKBE,66.72
7/7/11 9:50:09 AM,JKBE,72.78
7/7/11 9:50:09 AM,IBM,95.82
7/7/11 9:50:10 AM,AAPL,390.97
7/7/11 9:50:10 AM,GLD,171.91
7/7/11 9:50:11 AM,AAPL,362.16
7/7/11 9:50:11 AM,TSLA,30.35
7/7/11 9:50:12 AM,TSLA,33.49
7/7/11 9:50:13 AM,AAPL,325.15
7/7/11 9:50:13 AM,ORCL,25.88
7/7/11 9:50:14 AM,IBM,116.81
7/7/11 9:50:14 AM,JKBE,71.98
7/7/11 9:50:15 AM,JKBE,61.38
7/7/11 9:50:15 AM,TSLA,32.12
7/7/11 9:50:16 AM,SLV,35.42
7/7/11 9:50:16 AM,AAPL,346.62
7/7/11 9:50:17 AM,ORCL,24.92
7/7/11 9:50:18 AM,AAPL,389.78
7/7/11 9:50:18 AM,GLD,183.16
7/7/11 9:50:19 AM,INTC,27.27
7/7/11 9:50:19 AM,GOOG,505.66
7/7/11 9:50:20 AM,ORCL,26.3
7/7/11 9:50:20 AM,IBM,114.3
7/7/11 9:50:21 AM,SLV,37.8
7/7/11 9:50:21 AM,AAPL,355.07
7/7/11 9:50:22 AM,XOM,102.94
7/7/11 9:50:22 AM,GOOG,500.23
7/7/11 9:50:23 AM,INTC,24.88
7/7/11 9:50:24 AM,ORCL,28.34
7/7/11 9:50:24 AM,GOOG,477.36
7/7/11 9:50:25 AM,SLV,42.84
7/7/11 9:50:25 AM,JKBE,69.26
7/7/11 9:50:26 AM,GOOG,502.14
7/7/11 9:50:26 AM,ORCL,26.31
7/7/11 9:50:27 AM,AAPL,398.73
7/7/11 9:50:27 AM,GLD,188.73
7/7/11 9:50:28 AM,JKBE,67.72
7/7/11 9:50:29 AM,INTC,25.91
7/7/11 9:50:29 AM,JKBE,69.43
7/7/11 9:50:30 AM,IBM,101.67
7/7/11 9:50:30 AM,IBM,101.35
7/7/11 9:50:31 AM,JKBE,72.93
7/7/11 9:50:31 AM,IBM,97.62
7/7/11 9:50:32 AM,AAPL,352.47
7/7/11 9:50:32 AM,ORCL,28.85
7/7/11 9:50:33 AM,JKBE,72.89
7/7/11 9:50:34 AM,INTC,23.66
7/7/11 9:50:34 AM,ORCL,28.61
7/7/11 9:50:35 AM,IBM,116.14
7/7/11 9:50:35 AM,GOOG,492.72
7/7/11 9:50:36 AM,XOM,98.8
7/7/11 9:50:36 AM,SLV,35.06
7/7/11 9:50:37 AM,SLV,36.52
7/7/11 9:50:37 AM,GOOG,463.12
7/7/11 9:50:38 AM,INTC,24.65
7/7/11 9:50:39 AM,JKBE,70.04
7/7/11 9:50:39 AM,AAPL,393.53
7/7/11 9:50:40 AM,JKBE,66.72
7/7/11 9:50:40 AM,TSLA,29.49
7/7/11 9:50:41 AM,JKBE,73.24
7/7/11 9:50:41 AM,GOOG,527.39
7/7/11 9:50:42 AM,IBM,113.27
7/7/11 9:50:42 AM,SLV,42.12
7/7/11 9:50:43 AM,IBM,117.82
7/7/11 9:50:44 AM,GOOG,501.9
7/7/11 9:50:44 AM,XOM,90.78
7/7/11 9:50:45 AM,XOM,86.66
7/7/11 9:50:45 AM,ORCL,24.44
7/7/11 9:50:46 AM,SLV,42.27
7/7/11 9:50:46 AM,TSLA,33.28
7/7/11 9:50:47 AM,GOOG,508.54
7/7/11 9:50:47 AM,TSLA,33.56
7/7/11 9:50:48 AM,SLV,40.93
7/7/11 9:50:49 AM,TSLA,32.12
7/7/11 9:50:49 AM,INTC,22.92
7/7/11 9:50:50 AM,INTC,26.64
7/7/11 9:50:50 AM,TSLA,30.03
7/7/11 9:50:51 AM,GLD,189.53
7/7/11 9:50:51 AM,SLV,35.09
7/7/11 9:50:52 AM,XOM,101.27
7/7/11 9:50:52 AM,AAPL,355.43
7/7/11 9:50:53 AM,SLV,39.24
7/7/11 9:50:54 AM,AAPL,389.62
7/7/11 9:50:54 AM,SLV,36.26
7/7/11 9:50:55 AM,XOM,90.12
7/7/11 9:50:55 AM,GOOG,434.33
7/7/11 9:50:56 AM,SLV,42.27
7/7/11 9:50:56 AM,GOOG,456.3
7/7/11 9:50:57 AM,TSLA,31.2
7/7/11 9:50:57 AM,JKBE,63.37
7/7/11 9:50:58 AM,INTC,24.88
7/7/11 9:50:58 AM,XOM,98.44
7/7/11 9:50:59 AM,INTC,23.12
7/7/11 9:50:59 AM,GOOG,468.52
7/7/11 9:51:00 AM,JKBE,64.98
7/7/11 9:51:01 AM,XOM,98.65
7/7/11 9:51:01 AM,XOM,90.84
7/7/11 9:51:02 AM,TSLA,33.63
7/7/11 9:51:02 AM,GOOG,514.73
7/7/11 9:51:03 AM,AAPL,386.81
7/7/11 9:51:03 AM,IBM,100.56
7/7/11 9:51:04 AM,INTC,25.08
7/7/11 9:51:04 AM,SLV,37.23
7/7/11 9:51:05 AM,ORCL,24.68
7/7/11 9:51:06 AM,AAPL,335.1
7/7/11 9:51:06 AM,SLV,42.26
7/7/11 9:51:07 AM,ORCL,28.8
7/7/11 9:51:07 AM,GOOG,494.75
7/7/11 9:51:08 AM,XOM,86.8
7/7/11 9:51:08 AM,INTC,26.29
7/7/11 9:51:09 AM,TSLA,32.97
7/7/11 9:51:09 AM,GLD,182.63
7/7/11 9:51:10 AM,GOOG,475.75
7/7/11 9:51:11 AM,GOOG,436.11
7/7/11 9:51:11 AM,ORCL,25.03
7/7/11 9:51:12 AM,INTC,26.06
7/7/11 9:51:12 AM,INTC,27.41
7/7/11 9:51:13 AM,INTC,25.93
7/7/11 9:51:13 AM,INTC,23.19
7/7/11 9:51:14 AM,SLV,42.34
7/7/11 9:51:14 AM,XOM,94.87
7/7/11 9:51:15 AM,ORCL,29.68
7/7/11 9:51:15 AM,AAPL,387.57
7/7/11 9:51:16 AM,ORCL,25.63
7/7/11 9:51:16 AM,GOOG,513.92
7/7/11 9:51:17 AM,INTC,24.33
7/7/11 9:51:17 AM,INTC,24.13
7/7/11 9:51:18 AM,TSLA,28.1
7/7/11 9:51:19 AM,JKBE,68.69
7/7/11 9:51:19 AM,TSLA,32.95
7/7/11 9:51:20 AM,AAPL,381.47
7/7/11 9:51:20 AM,TSLA,28.6
7/7/11 9:51:21 AM,TSLA,28.41
7/7/11 9:51:21 AM,IBM,95.82
7/7/11 9:51:22 AM,TSLA,30.66
7/7/11 9:51:22 AM,AAPL,351.45
7/7/11 9:51:23 AM,JKBE,61.86
7/7/11 9:51:23 AM,AAPL,377.59
7/7/11 9:51:24 AM,SLV,38.85
7/7/11 9:51:25 AM,GLD,175.92
7/7/11 9:51:25 AM,GOOG,459.98
7/7/11 9:51:26 AM,JKBE,71.16
7/7/11 9:51:26 AM,INTC,23.49
7/7/11 9:51:27 AM,GLD,183.73
7/7/11 9:51:27 AM,INTC,22.83
7/7/11 9:51:28 AM,IBM,104.72
7/7/11 9:51:28 AM,XOM,88.02
7/7/11 9:51:29 AM,XOM,97.85
7/7/11 9:51:29 AM,GLD,154.05
7/7/11 9:51:30 AM,IBM,108.69
7/7/11 9:51:31 AM,SLV,41.29
7/7/11 9:51:31 AM,AAPL,330.65
7/7/11 9:51:32 AM,XOM,87.07
7/7/11 9:51:32 AM,AAPL,373.86
7/7/11 9:51:33 AM,JKBE,67.39
7/7/11 9:51:33 AM,TSLA,31.05
7/7/11 9:51:34 AM,JKBE,69.12
7/7/11 9:51:34 AM,IBM,100.73
7/7/11 9:51:35 AM,TSLA,34.38
7/7/11 9:51:35 AM,GLD,162.33
7/7/11 9:51:36 AM,TSLA,34.96
7/7/11 9:51:37 AM,JKBE,68.97
7/7/11 9:51:37 AM,INTC,26.22
7/7/11 9:51:38 AM,ORCL,24.06
7/7/11 9:51:38 AM,ORCL,26.83
7/7/11 9:51:39 AM,TSLA,31.25
7/7/11 9:51:39 AM,XOM,103.04
7/7/11 9:51:40 AM,XOM,88.22
7/7/11 9:51:40 AM,INTC,25.02
7/7/11 9:51:41 AM,JKBE,67.34
7/7/11 9:51:42 AM,XOM,85.52
7/7/11 9:51:42 AM,SLV,39.18
7/7/11 9:51:43 AM,ORCL,27.36
7/7/11 9:51:43 AM,SLV,35.91
7/7/11 9:51:44 AM,GOOG,427.19
7/7/11 9:51:44 AM,XOM,88.22
7/7/11 9:51:45 AM,GLD,157.14
7/7/11 9:51:46 AM,ORCL,27.71
7/7/11 9:51:46 AM,GLD,158.04
7/7/11 9:51:47 AM,IBM,103.36
7/7/11 9:51:47 AM,GOOG,496.33
7/7/11 9:51:48 AM,TSLA,32.17
7/7/11 9:51:48 AM,INTC,24.19
7/7/11 9:51:49 AM,GLD,177.31
7/7/11 9:51:49 AM,GOOG,473.51
7/7/11 9:51:50 AM,GLD,183.62
7/7/11 9:51:50 AM,XOM,85.72
7/7/11 9:51:51 AM,INTC,27.18
7/7/11 9:51:51 AM,INTC,27.36
7/7/11 9:51:52 AM,SLV,39.02
7/7/11 9:51:53 AM,ORCL,29.56
7/7/11 9:51:53 AM,JKBE,68.84
7/7/11 9:51:54 AM,IBM,112.26
7/7/11 9:51:54 AM,GOOG,425.3
7/7/11 9:51:55 AM,ORCL,27.31
7/7/11 9:51:55 AM,ORCL,26.07
7/7/11 9:51:56 AM,XOM,94.29
7/7/11 9:51:56 AM,AAPL,341.54
7/7/11 9:51:57 AM,GOOG,502.84
7/7/11 9:51:57 AM,IBM,117.29
7/7/11 9:51:58 AM,JKBE,71.32
7/7/11 9:51:59 AM,SLV,36.27
7/7/11 9:51:59 AM,SLV,35.42
7/7/11 9:52:00 AM,XOM,104.59
7/7/11 9:52:00 AM,AAPL,366.4
7/7/11 9:52:01 AM,AAPL,386.65
7/7/11 9:52:01 AM,TSLA,29.78
7/7/11 9:52:02 AM,XOM,104.34
7/7/11 9:52:02 AM,SLV,41.09
7/7/11 9:52:03 AM,ORCL,28.61
7/7/11 9:52:04 AM,GLD,160.24
7/7/11 9:52:04 AM,GOOG,530.3
7/7/11 9:52:05 AM,GOOG,489.39
7/7/11 9:52:05 AM,SLV,38.35
7/7/11 9:52:06 AM,ORCL,27.34
7/7/11 9:52:06 AM,SLV,36.75
7/7/11 9:52:07 AM,TSLA,29.76
7/7/11 9:52:08 AM,INTC,22.79
7/7/11 9:52:08 AM,INTC,25.77
7/7/11 9:52:09 AM,ORCL,27.83
7/7/11 9:52:09 AM,TSLA,28.39
7/7/11 9:52:10 AM,IBM,106.93
7/7/11 9:52:10 AM,AAPL,378.8
7/7/11 9:52:11 AM,XOM,92.52
7/7/11 9:52:11 AM,JKBE,61.06
7/7/11 9:52:12 AM,GLD,183.81
7/7/11 9:52:12 AM,INTC,23.06
7/7/11 9:52:13 AM,TSLA,28.7
7/7/11 9:52:13 AM,IBM,103.6
7/7/11 9:52:14 AM,ORCL,26.73
7/7/11 9:52:15 AM,INTC,22.73
7/7/11 9:52:15 AM,INTC,24.08
7/7/11 9:52:16 AM,IBM,102.47
7/7/11 9:52:16 AM,JKBE,68.75
7/7/11 9:52:17 AM,IBM,107.66
7/7/11 9:52:17 AM,AAPL,363.83
7/7/11 9:52:18 AM,TSLA,28.1
7/7/11 9:52:18 AM,ORCL,25.01
7/7/11 9:52:19 AM,JKBE,68.92
7/7/11 9:52:20 AM,INTC,25.1
7/7/11 9:52:20 AM,GOOG,436.47
7/7/11 9:52:21 AM,TSLA,28.74
7/7/11 9:52:21 AM,XOM,87.87
7/7/11 9:52:22 AM,AAPL,401.74
7/7/11 9:52:22 AM,GLD,172.68
7/7/11 9:52:23 AM,JKBE,60.68
7/7/11 9:52:23 AM,AAPL,337.1
7/7/11 9:52:24 AM,SLV,38.25
7/7/11 9:52:24 AM,AAPL,383.29
7/7/11 9:52:25 AM,AAPL,366.38
7/7/11 9:52:25 AM,SLV,36.84
7/7/11 9:52:26 AM,XOM,103.12
7/7/11 9:52:27 AM,GLD,162.91
7/7/11 9:52:27 AM,IBM,101.7
7/7/11 9:52:28 AM,SLV,41.38
7/7/11 9:52:28 AM,GLD,156.83
7/7/11 9:52:29 AM,AAPL,351.09
7/7/11 9:52:29 AM,ORCL,25.39
7/7/11 9:52:30 AM,GOOG,430.52
7/7/11 9:52:30 AM,ORCL,28.27
7/7/11 9:52:31 AM,XOM,96.26
7/7/11 9:52:31 AM,SLV,36.43
7/7/11 9:52:32 AM,XOM,104.8
7/7/11 9:52:33 AM,IBM,111.66
7/7/11 9:52:33 AM,AAPL,349.81
7/7/11 9:52:34 AM,SLV,42.42
7/7/11 9:52:34 AM,ORCL,24.17
7/7/11 9:52:35 AM,JKBE,70.17
7/7/11 9:52:35 AM,XOM,100.31
7/7/11 9:52:36 AM,XOM,91.6
7/7/11 9:52:37 AM,GLD,179.04
7/7/11 9:52:37 AM,XOM,100.76
7/7/11 9:52:38 AM,AAPL,382.67
7/7/11 9:52:38 AM,INTC,25.99
7/7/11 9:52:39 AM,ORCL,26.12
7/7/11 9:52:39 AM,JKBE,68.93
7/7/11 9:52:40 AM,GOOG,485.16
7/7/11 9:52:40 AM,TSLA,32.11
7/7/11 9:52:41 AM,INTC,23.95
7/7/11 9:52:41 AM,GOOG,427.06
7/7/11 9:52:42 AM,GOOG,502.55
7/7/11 9:52:43 AM,IBM,117.1
7/7/11 9:52:43 AM,ORCL,25.84
7/7/11 9:52:44 AM,SLV,42.67
7/7/11 9:52:44 AM,GOOG,502.89
7/7/11 9:52:45 AM,GLD,171.1
7/7/11 9:52:45 AM,SLV,42.56
7/7/11 9:52:46 AM,JKBE,72.33
7/7/11 9:52:46 AM,GLD,164.67
7/7/11 9:52:47 AM,IBM,111.4
7/7/11 9:52:47 AM,AAPL,333.27
7/7/11 9:52:48 AM,INTC,26.49
7/7/11 9:52:48 AM,IBM,98.19
7/7/11 9:52:49 AM,SLV,36.8
7/7/11 9:52:49 AM,GLD,169.96
7/7/11 9:52:50 AM,GOOG,458.32
7/7/11 9:52:51 AM,GLD,177.73
7/7/11 9:52:51 AM,AAPL,340.15
7/7/11 9:52:52 AM,ORCL,24.54
7/7/11 9:52:52 AM,INTC,24.68
7/7/11 9:52:53 AM,AAPL,389.06
7/7/11 9:52:53 AM,GOOG,475.17
7/7/11 9:52:54 AM,AAPL,396.78
7/8/11 9:52:54 AM,AAPL,596.78
7/8/11 9:52:53 AM,GOOG,775.17
